step,time,pos_x,pos_y,pos_z,vel_x,vel_y,vel_z,altitude,vertical_vel,metric_model,ship_type,c,k,phi,phase_error,lock_quality,omega_drive,omega_0,drive_power,energy,metric_g00,metric_det,metric_signature_valid,christoffel_norm,invariant_error,coordinate_time,proper_time,beta_x,beta_y,beta_z,lapse_alpha,drive_authority,drive_phase_rad,drive_frequency_hz,drive_omega_rad_s,drive_coherence,drive_lock_quality,mode_count,bubble_radius,wall_thickness,einstein_tensor_norm,stress_energy_density,instantaneous_stress_energy_density,cycle_avg_stress_energy_density,cockpit_curvature_norm,bubble_wall_curvature_norm,cockpit_tidal_stress,bubble_wall_tidal_stress,phase_cancellation_score,phase_confinement_score,negative_energy_flag,nec_violation_flag,negative_energy_instant,negative_energy_cycle_avg,nec_violation_instant,nec_violation_cycle_avg,curvature_scalar,geodesic_accel_diagnostic_x,geodesic_accel_diagnostic_y,geodesic_accel_diagnostic_z,metric_derivative_step_m,craft_rest_energy_j,craft_coordinate_energy_j,craft_kinetic_energy_j,craft_energy_delta_j,conserved_energy_j,conserved_energy_error_j,drive_energy_available_j,drive_energy_spent_j,drive_power_w,drive_power_requested_w,drive_power_actual_w,requested_drive_authority,actual_drive_authority,estimated_metric_energy_j,estimated_field_energy_delta_j,estimated_positive_energy_j,estimated_negative_energy_j,estimated_stress_energy_cost_j,positive_energy_j,negative_energy_j,net_stress_energy_j,absolute_stress_energy_j,unfunded_energy_debt_j,conservation_error_j,conservation_error_ratio,stress_energy_conservation_residual,stress_energy_conservation_valid,power_clamped,metric_unfunded,metric_valid,power_source_type,resonator_substrate_type,exotic_stress_source_type,source_available_energy_j,source_max_power_w,usable_power_w,conversion_efficiency,waste_heat_w,radiation_loss_w,source_mass_kg,depletion_rate,stability_risk,physical_plausibility_rating,resonator_coherence_multiplier,resonator_phase_stability,resonator_coupling_efficiency,resonator_max_safe_authority,moscovium_metastable,moscovium_stabilization_required,exotic_negative_energy_capacity_j,exotic_stress_shaping_authority
0,0,0,0,6371999.997228285,0,0,-0.3326068948321341,999.9972282852978,-0.3326068948321341,engineered_metric,saucer,0,0,0,0,0,80,80,0,0,-0.999999998608003,-1.000000002783993,1,1.2362920367614e-15,16,0.0166667,0.01666669999339917,0,0,5.87542321611756e-17,0.9999999993040015,6.158335805287682e-13,0.41887985823668,4,25.13274122871834,0.9974999999999999,0.9974999999999999,1,20,5,1.005349704303947e-15,-4.276982211341059e+27,-4.276982211341059e+27,-4.276982211340962e+27,1.221245323378527e-15,1.387778776457956e-15,1.958998761887138e-15,2.287086112622379e-15,0.996802520015255,0.5319148935975457,1,1,1,1,1,1,-1.55431222952985e-15,0,0,-19.9563737771805,0.5,1.078506214484181e+20,1.078506213733542e+20,0,-1078325329920,1.078506213733542e+20,-1078325329920,9.999833333e+17,16666700000000,1000000000000000,2.636776179581083e+39,1000000000000000,1,6.158335805287682e-13,-1.749548909635033e+32,-1.749548909635033e+32,3.499097819270014e+31,-2.099458691562034e+32,2.449368473489036e+32,3.499097819270014e+31,-2.099458691562034e+32,-1.749548909635033e+32,2.449368473489036e+32,0,-1.749548909635033e+32,-1,474850384323.3343,1,1,1,1,fusion,metastable_moscovium,,1e+18,1000000000000000,200000000000000,0.2,1000000000,100000000,5000,0,0.8,0.05,1.05,0.95,0.8,1,1,1,0,0
1,0.0166667,0,0,6371999.98891311,0,0,-0.6652137882083454,999.988913109526,-0.6652137882083453,engineered_metric,saucer,0,0,0,0,0,80,80,0,0,-0.999999998608003,-1.000000002783993,1,1.236292036564861e-15,16,0.0333334,0.03333339998179917,0,0,5.356546625395923e-17,0.9999999993040015,6.436623913688672e-13,0.83775971647336,4,25.13274122871834,0.9974999999999999,0.9974999999999999,1,20,5,1.0053497042384e-15,-4.276982211341228e+27,-4.276982211341228e+27,-4.276982211341078e+27,1.221245323378415e-15,1.387778776461321e-15,1.958998761841382e-15,2.287086080566647e-15,0.996802520015255,0.5319148935986245,1,1,1,1,1,1,-1.554312229529841e-15,-0,-0,-19.95637373256602,0.5,1.078506214484181e+20,1.078506213733542e+20,0,0,1.078506213733542e+20,-1078325329920,9.999666666e+17,33333400000000,1000000000000000,2.413702449412907e+39,1000000000000000,1,6.436623913688672e-13,-1.749548944620417e+32,-3.498538468260829e+24,3.499097889237914e+31,-2.099458733544209e+32,2.449368522468e+32,3.499097889237914e+31,-2.099458733544209e+32,-1.749548944620417e+32,2.449368522468e+32,0,-3.498538468295241e+24,-1,474818247207.6545,1,1,1,1,fusion,metastable_moscovium,,1e+18,1000000000000000,200000000000000,0.2,1000000000,100000000,5000,0,0.8,0.05,1.05,0.95,0.8,1,1,1,0,0
2,0.0333334,0,0,6371999.975054474,0,0,-0.9978206799640512,999.9750544736162,-0.9978206799640512,engineered_metric,saucer,0,0,0,0,0,80,80,0,0,-0.999999998608003,-1.000000002783993,1,1.236292036349719e-15,16,0.0500001,0.05000009997019923,0,0,4.816066397329211e-17,0.9999999993040015,7.379238378086718e-13,1.25663957471004,4,25.13274122871834,0.9974999999999999,0.9974999999999999,1,20,5,1.00534970417749e-15,-4.276982211341356e+27,-4.276982211341356e+27,-4.276982211341237e+27,1.221245323378301e-15,1.387778776464617e-15,1.958998761798294e-15,2.287086050346671e-15,0.996802520015255,0.5319148935986648,1,1,1,1,1,1,-1.554312229529825e-15,-0,-0,-19.95637362490735,0.5,1.078506214484181e+20,1.078506213733542e+20,0,0,1.078506213733542e+20,-1078325329920,9.999499999e+17,50000100000000,1000000000000000,1.836440745804835e+39,1000000000000000,1,7.379238378086718e-13,-1.749548944620694e+32,-2.767011611056433e+19,3.499097889235596e+31,-2.099458733544254e+32,2.449368522467813e+32,3.499097889235596e+31,-2.099458733544254e+32,-1.749548944620694e+32,2.449368522467813e+32,0,-2.767016611066433e+19,-1,474889987281.9911,1,1,1,1,fusion,metastable_moscovium,,1e+18,1000000000000000,200000000000000,0.2,1000000000,100000000,5000,0,0.8,0.05,1.05,0.95,0.8,1,1,1,0,0
3,0.0500001,0,0,6371999.955652378,0,0,-1.330427569875465,999.9556523775682,-1.330427569875465,engineered_metric,saucer,0,0,0,0,0,80,80,0,0,-0.999999998608003,-1.000000002783993,1,1.236292036089589e-15,16,0.0666668,0.06666679995859917,-0,0,4.20098587232802e-17,0.9999999993040015,9.409465244824886e-13,1.67551943294672,4,25.13274122871834,0.9974999999999999,0.9974999999999999,1,20,5,1.005349704117141e-15,-4.276982211341435e+27,-4.276982211341435e+27,-4.276982211341503e+27,1.221245323378178e-15,1.387778776468063e-15,1.958998761754918e-15,2.287086019887753e-15,0.996802520015255,0.531914893598485,1,1,1,1,1,1,-1.554312229529802e-15,-0,-0,-19.95637349473694,0.5,1.078506214484181e+20,1.078506213733542e+20,0,0,1.078506213733542e+20,-1078325329920,9.999333332e+17,66666800000000,1000000000000000,1.129458075864408e+39,1000000000000000,1,9.409465244824886e-13,-1.749548944620971e+32,-2.767011611056433e+19,3.499097889233279e+31,-2.099458733544299e+32,2.449368522467626e+32,3.499097889233279e+31,-2.099458733544299e+32,-1.749548944620971e+32,2.449368522467626e+32,0,-2.767018277736433e+19,-1,474829381516.669,1,1,1,1,fusion,metastable_moscovium,,1e+18,1000000000000000,200000000000000,0.2,1000000000,100000000,5000,0,0.8,0.05,1.05,0.95,0.8,1,1,1,0,0
4,0.0666668,0,0,6371999.930706821,0,0,-1.663034457472088,999.930706821382,-1.663034457472088,engineered_metric,saucer,0,0,0,0,0,80,80,0,0,-0.999999998608003,-1.000000002783993,1,1.23629203586714e-15,16,0.08333349999999999,0.08333349994699904,-0,0,3.429085868103252e-17,0.9999999993040015,1.375547918292696e-12,2.0943992911834,4,25.13274122871834,0.9974999999999999,0.9974999999999999,1,20,5,1.00534970405428e-15,-4.276982211341445e+27,-4.276982211341445e+27,-4.276982211342037e+27,1.221245323378041e-15,1.387778776471819e-15,1.958998761708958e-15,2.287085987571863e-15,0.996802520015255,0.5319148935978355,1,1,1,1,1,1,-1.55431222952977e-15,-0,-0,-19.95637331700426,0.5,1.078506214484181e+20,1.078506213733542e+20,0,0,1.078506213733542e+20,-1078325329920,9.999166665e+17,83333500000000,1000000000000000,5.285043327250353e+38,1000000000000000,1,1.375547918292696e-12,-1.749548944621247e+32,-2.763408731354536e+19,3.499097889230962e+31,-2.099458733544343e+32,2.449368522467439e+32,3.499097889230962e+31,-2.099458733544343e+32,-1.749548944621247e+32,2.449368522467439e+32,0,-2.763417064704536e+19,-1,1424515496357.742,1,1,1,1,fusion,metastable_moscovium,,1e+18,1000000000000000,200000000000000,0.2,1000000000,100000000,5000,0,0.8,0.05,1.05,0.95,0.8,1,1,1,0,0
5,0.0833335,0,0,6371999.900217804,0,0,-1.995641341819773,999.9002178041264,-1.995641341819773,engineered_metric,saucer,0,0,0,0,0,80,80,0,0,-0.999999998608003,-1.000000002783993,1,1.236292035674261e-15,16,0.1000002,0.1000001999353989,-0,0,2.34600030090647e-17,0.9999999993040015,2.463795182799067e-12,2.51327914942008,4,25.13274122871834,0.9974999999999999,0.9974999999999999,1,20,5,1.005349703988763e-15,-4.276982211341337e+27,-4.276982211341337e+27,-4.276982211343386e+27,1.221245323377899e-15,1.387778776475592e-15,1.958998761660259e-15,2.287085953282093e-15,0.996802520015255,0.531914893595797,1,1,1,1,1,1,-1.554312229529731e-15,-0,-0,-19.95637302936252,0.5,1.078506214484181e+20,1.078506213733542e+20,0,0,1.078506213733542e+20,-1078325329920,9.998999998e+17,100000200000000,1000000000000000,1.647368648240933e+38,1000000000000000,1,2.463795182799067e-12,-1.749548944621524e+32,-2.770614490758329e+19,3.499097889228643e+31,-2.099458733544389e+32,2.449368522467253e+32,3.499097889228643e+31,-2.099458733544389e+32,-1.749548944621524e+32,2.449368522467253e+32,0,-2.770624490778329e+19,-1,237421916427.0105,1,1,1,1,fusion,metastable_moscovium,,1e+18,1000000000000000,200000000000000,0.2,1000000000,100000000,5000,0,0.8,0.05,1.05,0.95,0.8,1,1,1,0,0
6,0.1000002,0,0,6371999.864185327,0,0,-2.328248221232791,999.8641853267327,-2.328248221232791,engineered_metric,saucer,0,0,0,0,0,80,80,0,0,-0.999999998608003,-1.000000002783993,1,1.236292035754136e-15,16,0.1166669,0.1166668999237989,-0,0,7.030951531111303e-18,0.9999999993040015,6.453630252440742e-12,2.932159007656761,4,25.13274122871834,0.9974999999999999,0.9974999999999999,1,20,5,1.005349703937125e-15,-4.276982211341021e+27,-4.276982211341021e+27,-4.276982211348561e+27,1.221245323377943e-15,1.387778776474009e-15,1.958998761621457e-15,2.287085925844776e-15,0.996802520015255,0.5319148936005447,1,1,1,1,1,1,-1.554312229529719e-15,-0,-0,-19.95637240590617,0.5,1.078506214484181e+20,1.078506213733542e+20,23947.64863043311,0,1.078506213733542e+20,-1078325329920,9.998833331e+17,116666900000000,1000000000000000,2.400998233154398e+37,1000000000000000,1,6.453630252440742e-12,-1.749548944621802e+32,-2.774217370460226e+19,3.499097889226319e+31,-2.099458733544434e+32,2.449368522467065e+32,3.499097889226319e+31,-2.099458733544434e+32,-1.749548944621802e+32,2.449368522467065e+32,0,-2.774229037150226e+19,-1,2124706.226682158,1,1,1,1,fusion,metastable_moscovium,,1e+18,1000000000000000,200000000000000,0.2,1000000000,100000000,5000,0,0.8,0.05,1.05,0.95,0.8,1,1,1,0,0
7,0.1166669,0,0,6371999.822609389,0,0,-2.660855116962618,999.8226093892008,-2.660855116962618,engineered_metric,saucer,0,0,0,0,0,80,80,0,0,-0.9999999986080026,-1.000000002783995,1,1.236292045472577e-15,16,0.1333336,0.1333335999121991,0,-0,6.08077500291376e-17,0.9999999993040013,5.580810979146517e-11,3.35103886589344,4,25.13274122871834,0.9974999999999999,0.9974999999999999,1,20,5,9.420554716751331e-16,4.276982211339192e+27,4.276982211339192e+27,4.276982211264998e+27,1.054711869689675e-15,1.221245322568873e-15,1.744994633729466e-15,1.628992799336265e-15,0.9968025200153444,0.5365853658871793,0,0,0,0,0,0,1.332267624603499e-15,-0,-0,-19.95636947216417,0.5,1.078506214484181e+20,1.078506213733542e+20,23947.64863043311,-16384,1.078506213733542e+20,-1078325346304,9.998666664e+17,133333600000000,1000000000000000,3.210741735803851e+35,1000000000000000,1,5.580810979146517e-11,-1.749548944622058e+32,-2.565250347750235e+19,3.499097889224171e+31,-2.099458733544475e+32,2.449368522466892e+32,3.499097889224171e+31,-2.099458733544475e+32,-1.749548944622058e+32,2.449368522466892e+32,0,-2.565263681110235e+19,-1,549751095696.0876,1,1,1,1,fusion,metastable_moscovium,,1e+18,1000000000000000,200000000000000,0.2,1000000000,100000000,5000,0,0.8,0.05,1.05,0.95,0.8,1,1,1,0,0
8,0.1333336,0,0,6371999.775489992,0,0,-2.993462149220183,999.7754899915308,-2.993462149220183,engineered_metric,saucer,0,0,0,0,0,80,80,0,0,-0.9999999986080026,-1.000000002783995,1,1.236292060617622e-15,0,0.1500003,0.1500002999005994,0,-0,5.142573429041248e-16,0.9999999993040013,5.400590241725018e-11,3.76991872413012,4,25.13274122871834,0.9974999999999999,0.9974999999999999,1,20,5,1.005349730447785e-15,4.276982211325152e+27,4.276982211325152e+27,4.276982211258641e+27,1.221245323391536e-15,1.387778775922823e-15,1.958998782061791e-15,1.843011182688704e-15,0.9968025200153529,0.531914893570784,0,0,0,0,0,0,1.554312229525755e-15,-0,-0,-19.95637804915841,0.5,1.078506214484181e+20,1.078506213733542e+20,23947.64863043311,16384,1.078506213733542e+20,-1078325329920,9.998499997e+17,150000300000000,1000000000000000,3.428605719446442e+35,1000000000000000,1,5.400590241725018e-11,2.449368522466066e+32,4.198917467088123e+32,2.449368522466981e+32,-9.159038232865623e+19,2.449368522467897e+32,2.449368522466981e+32,-9.159038232865623e+19,2.449368522466066e+32,2.449368522467897e+32,0,4.198917467088123e+32,1,949752849666.7516,1,1,1,1,fusion,metastable_moscovium,,1e+18,1000000000000000,200000000000000,0.2,1000000000,100000000,5000,0,0.8,0.05,1.05,0.95,0.8,1,1,1,0,0
9,0.1500003,0,0,6371999.722827133,0,0,-3.326069074736687,999.7228271327913,-3.326069074736687,engineered_metric,saucer,0,0,0,0,0,80,80,0,0,-0.9999999986080026,-1.000000002783995,1,1.23629204095742e-15,0,0.166667,0.1666669998889997,0,-0,1.607757715050755e-16,0.9999999993040013,6.449263970356228e-12,4.188798582366799,4,25.13274122871834,0.9974999999999999,0.9974999999999999,1,20,5,1.005349706500766e-15,4.276982211335421e+27,4.276982211335421e+27,4.276982211329992e+27,1.221245323380871e-15,1.387778776359474e-15,1.958998763614942e-15,1.842998128227092e-15,0.9968025200152679,0.5319148936020741,0,0,0,0,0,0,1.554312229529046e-15,-0,-0,-19.95637525498441,0.5,1.078506214484181e+20,1.078506213733542e+20,23947.64863043311,0,1.078506213733542e+20,-1078325329920,9.99833333e+17,166667000000000,1000000000000000,2.404250382350796e+37,1000000000000000,1,6.449263970356228e-12,2.449368522465698e+32,-3.678540175636221e+19,2.449368522466773e+32,-1.075337318101211e+20,2.449368522467848e+32,2.449368522466773e+32,-1.075337318101211e+20,2.449368522465698e+32,2.449368522467848e+32,0,-3.67855684233622e+19,-0.9999999999999991,549682413795.8915,1,1,1,1,fusion,metastable_moscovium,,1e+18,1000000000000000,200000000000000,0.2,1000000000,100000000,5000,0,0.8,0.05,1.05,0.95,0.8,1,1,1,0,0
10,0.166667,0,0,6371999.664620814,0,0,-3.658675985028795,999.6646208139136,-3.658675985028795,engineered_metric,saucer,0,0,0,0,0,80,80,0,0,-0.9999999986080026,-1.000000002783995,1,1.236292038602704e-15,0,0.1833337,0.1833336998773999,0,-0,1.100040881171802e-16,0.9999999993040013,2.463875627331128e-12,4.60767844060348,4,25.13274122871834,0.9974999999999999,0.9974999999999999,1,20,5,1.005349705123995e-15,4.276982211336783e+27,4.276982211336783e+27,4.276982211336309e+27,1.387778776454139e-15,1.387778776412111e-15,1.842996715226384e-15,1.842997376063995e-15,0.9973340126058289,0.4999999999992044,0,0,0,0,0,0,1.554312229529461e-15,-0,-0,-19.95637463249954,0.5,1.078506214484181e+20,1.078506213733542e+20,23947.64863043311,0,1.078506213733542e+20,-1078325329920,9.998166663e+17,183333700000000,1000000000000000,1.647261078171097e+38,1000000000000000,1,2.463875627331128e-12,2.099458733541397e+32,-3.499097889243007e+31,2.09945873354491e+32,-3.512730119873251e+20,2.099458733548423e+32,2.09945873354491e+32,-3.512730119873251e+20,2.099458733541397e+32,2.099458733548423e+32,0,-3.499097889243007e+31,-1,35812963.27465459,1,1,1,1,fusion,metastable_moscovium,,1e+18,1000000000000000,200000000000000,0.2,1000000000,100000000,5000,0,0.8,0.05,1.05,0.95,0.8,1,1,1,0,0
11,0.1833337,0,0,6371999.600871035,0,0,-3.991282889259809,999.6008710348979,-3.991282889259809,engineered_metric,saucer,0,0,0,0,0,80,80,0,0,-0.9999999986080026,-1.000000002783995,1,1.236292037794167e-15,0,0.2000003999999999,0.2000003998658002,0,0,8.978206244901548e-17,0.9999999993040013,1.375649006254825e-12,5.026558298840159,4,25.13274122871834,0.9974999999999999,0.9974999999999999,1,20,5,1.005349704719088e-15,4.276982211337246e+27,4.276982211337246e+27,4.276982211338097e+27,1.387778776454182e-15,1.360064960635878e-15,1.842996714996703e-15,1.851185543390654e-15,0.9973340126058267,0.4949605827184251,0,0,0,0,0,0,1.554312229529623e-15,-0,-0,-19.95637434486425,0.5,1.078506214484181e+20,1.078506213733542e+20,23947.64863043311,0,1.078506213733542e+20,-1078325329920,9.997999996e+17,200000400000000,1000000000000000,5.284266625304196e+38,1000000000000000,1,1.375649006254825e-12,2.09945873354112e+32,-2.767011611056433e+19,2.099458733544984e+32,-3.863734133783615e+20,2.099458733548848e+32,2.099458733544984e+32,-3.863734133783615e+20,2.09945873354112e+32,2.099458733548848e+32,0,-2.767031611096433e+19,-1,1097277654408.229,1,1,1,1,fusion,metastable_moscovium,,1e+18,1000000000000000,200000000000000,0.2,1000000000,100000000,5000,0,0.8,0.05,1.05,0.95,0.8,1,1,1,0,0
12,0.2000004,0,0,6371999.531577796,0,0,-4.323889790052692,999.5315777957439,-4.323889790052692,engineered_metric,saucer,0,0,0,0,0,80,80,0,0,-0.9999999986080026,-1.000000002783995,1,1.236292037433261e-15,0,0.2166670999999999,0.2166670998542004,0,0,7.831145235898582e-17,0.9999999993040013,9.410218367550728e-13,5.445438157076839,4,25.13274122871834,0.9974999999999999,0.9974999999999999,1,20,5,1.005349704525598e-15,4.27698221133746e+27,4.27698221133746e+27,4.27698221133882e+27,1.387778776454208e-15,1.387778776321161e-15,1.842996714887048e-15,1.89850820064282e-15,0.997334012605826,0.4999999999983125,0,0,0,0,0,0,1.554312229529719e-15,-0,-0,-19.95637416711866,0.5,1.078506214484181e+20,1.078506213733542e+20,23947.64863043311,0,1.078506213733542e+20,-1078325329920,9.997833329e+17,216667100000000,1000000000000000,1.129277296530076e+39,1000000000000000,1,9.410218367550728e-13,2.099458733540844e+32,-2.763408731354536e+19,2.099458733545059e+32,-4.214828442488938e+20,2.099458733549274e+32,2.099458733545059e+32,-4.214828442488938e+20,2.099458733540844e+32,2.099458733549274e+32,0,-2.763430398064536e+19,-1,474846336189.0397,1,1,1,1,fusion,metastable_moscovium,,1e+18,1000000000000000,200000000000000,0.2,1000000000,100000000,5000,0,0.8,0.05,1.05,0.95,0.8,1,1,1,0,0
13,0.2166671,0,0,6371999.456741096,0,0,-4.656496688476447,999.4567410964519,-4.656496688476447,engineered_metric,saucer,0,0,0,0,0,80,80,0,0,-0.9999999986080026,-1.000000002783995,1,1.23629203717311e-15,0,0.2333337999999999,0.2333337998426007,0,0,7.040783516160915e-17,0.9999999993040013,7.379863123626423e-13,5.864318015313518,4,25.13274122871834,0.9974999999999999,0.9974999999999999,1,20,5,1.005349704407657e-15,4.276982211337582e+27,4.276982211337582e+27,4.276982211339144e+27,1.38777877645423e-15,1.360023200781476e-15,1.842996714820205e-15,1.918351933844613e-15,0.9973340126058255,0.49494949494284,0,0,0,0,0,0,1.55431222952979e-15,-0,-0,-19.95637403693783,0.5,1.078506214484181e+20,1.078506213733542e+20,23947.64863043311,0,1.078506213733542e+20,-1078325329920,9.997666662e+17,233333800000000,1000000000000000,1.836129829577063e+39,1000000000000000,1,7.379863123626423e-13,2.099458733540568e+32,-2.763408731354536e+19,2.099458733545134e+32,-4.565960177864522e+20,2.0994587335497e+32,2.099458733545134e+32,-4.565960177864522e+20,2.099458733540568e+32,2.0994587335497e+32,0,-2.763432064734536e+19,-1,474861136532.2355,1,1,1,1,fusion,metastable_moscovium,,1e+18,1000000000000000,200000000000000,0.2,1000000000,100000000,5000,0,0.8,0.05,1.05,0.95,0.8,1,1,1,0,0
14,0.2333338,0,0,6371999.376360936,0,0,-4.989103585035963,999.3763609360904,-4.989103585035963,engineered_metric,saucer,0,0,0,0,0,80,80,0,0,-0.9999999986080026,-1.000000002783995,1,1.23629203695795e-15,16,0.2500004999999999,0.250000499831001,0,0,6.418903792718548e-17,0.9999999993040013,6.437220504701763e-13,6.283197873550198,4,25.13274122871834,0.9974999999999999,0.9974999999999999,1,20,5,1.005349704323921e-15,4.276982211337672e+27,4.276982211337672e+27,4.276982211339262e+27,1.387778776454249e-15,1.387778776454251e-15,1.842996714772651e-15,2.287086147987729e-15,0.9973340126058253,0.5000000000000001,0,0,0,0,0,0,1.554312229529852e-15,-0,-0,-19.95637392927038,0.5,1.078506214484181e+20,1.078506213733542e+20,23947.64863043311,0,1.078506213733542e+20,-1078325329920,9.997499995e+17,250000500000000,1000000000000000,2.413255074195469e+39,1000000000000000,1,6.437220504701763e-13,2.099458733540291e+32,-2.767011611056433e+19,2.099458733545208e+32,-4.917165011913748e+20,2.099458733550125e+32,2.099458733545208e+32,-4.917165011913748e+20,2.099458733540291e+32,2.099458733550125e+32,0,-2.767036611106433e+19,-1,474839518489.5146,1,1,1,1,fusion,metastable_moscovium,,1e+18,1000000000000000,200000000000000,0.2,1000000000,100000000,5000,0,0.8,0.05,1.05,0.95,0.8,1,1,1,0,0
15,0.2500005,0,0,6371999.290960344,0,0,-5.211118575753961,999.2909603435546,-5.211118575753961,engineered_metric,saucer,0,0,0,0,0,80,80,0,0,-0.9999999986080026,-1.000000002783995,1,1.236292036761393e-15,16,0.2666671999999999,0.2666671998194012,0,0,5.875966922605285e-17,0.9999999993040013,6.158991625543126e-13,6.702077731786877,4,25.13274122871834,0.9974999999999999,0.9974999999999999,1,20,5,1.005349704257865e-15,4.276982211337821e+27,4.276982211337821e+27,4.276982211339266e+27,1.387778776454268e-15,1.387778776450588e-15,1.842996714734854e-15,2.28708611149394e-15,0.9973340126058253,0.4999999999993369,0,0,0,0,0,0,1.554312229529909e-15,-0,-0,-19.95637383091211,0.5,1.078506214484181e+20,1.078506213733542e+20,23947.64863043311,0,1.078506213733542e+20,-1078325329920,9.997333328e+17,266667200000000,1000000000000000,2.636214672352005e+39,1000000000000000,1,6.158991625543126e-13,2.099458733540014e+32,-2.767011611056433e+19,2.099458733545283e+32,-5.26840267835467e+20,2.099458733550551e+32,2.099458733545283e+32,-5.26840267835467e+20,2.099458733540014e+32,2.099458733550551e+32,0,-2.767038277776433e+19,-1,8602948.190781437,1,1,1,1,fusion,metastable_moscovium,,1e+18,1000000000000000,200000000000000,0.2,1000000000,100000000,5000,0,0.8,0.05,1.05,0.95,0.8,1,1,1,0,0
16,0.2666672,0,0,6371999.202722328,0,0,-5.377422021266032,999.2027223277837,-5.377422021266032,engineered_metric,saucer,0,0,0,0,0,80,80,0,0,-0.9999999986080026,-1.000000002783995,1,1.922962680957105e-16,16,0.2833338999999999,0.2833338998078015,0,0,5.357053214507026e-17,0.9999999993040013,6.437339027627844e-13,7.120957590023557,4,25.13274122871834,0.9974999999999999,0.9974999999999999,1,20,5,1.005349704201683e-15,4.276982211338006e+27,4.276982211338006e+27,4.276982211339145e+27,1.387778776454535e-15,1.38777877644726e-15,1.898507865933545e-15,2.287086079668064e-15,0.9973340126058255,0.4999999999999078,0,0,0,0,0,0,1.554312229529966e-15,-0,-0,-9.978186817094782,0.5,1.078506214484181e+20,1.078506213733542e+20,23947.64863043311,0,1.078506213733542e+20,-1078325329920,9.997166661e+17,283333900000000,1000000000000000,2.413166210328452e+39,1000000000000000,1,6.437339027627844e-13,2.099458733539828e+32,-1.866291685582334e+19,2.099458733545331e+32,-5.502911128695387e+20,2.099458733550833e+32,2.099458733545331e+32,-5.502911128695387e+20,2.099458733539828e+32,2.099458733550833e+32,0,-1.866320018972334e+19,-1,356133675558.3375,1,1,1,1,fusion,metastable_moscovium,,1e+18,1000000000000000,200000000000000,0.2,1000000000,100000000,5000,0,0.8,0.05,1.05,0.95,0.8,1,1,1,0,0
17,0.2833339,0,0,6371999.111712581,0,0,-5.54372546515738,999.1117125814781,-5.54372546515738,engineered_metric,saucer,0,0,0,0,0,80,80,0,0,-0.9999999986080026,-1.000000002783995,1,1.922962674040317e-16,16,0.3000005999999998,0.3000005997962018,0,0,4.816570247391509e-17,0.9999999993040013,7.380155762618184e-13,7.539837448260236,4,25.13274122871834,0.9974999999999999,0.9974999999999999,1,20,5,1.005349704149109e-15,4.276982211338219e+27,4.276982211338219e+27,4.27698221133884e+27,1.387778776454672e-15,1.387778776443998e-15,1.898507865902818e-15,2.287086049657247e-15,0.9973340126058258,0.5000000000006249,0,0,0,0,0,0,1.554312229530025e-15,-0,-0,-9.978186709421863,0.5,1.078506214484181e+20,1.078506213733542e+20,23947.64863043311,0,1.078506213733542e+20,-1078325329920,9.996999994e+17,300000600000000,1000000000000000,1.835984219498809e+39,1000000000000000,1,7.380155762618184e-13,2.099458733539689e+32,-1.383505805528216e+19,2.099458733545368e+32,-5.67865116236829e+20,2.099458733551047e+32,2.099458733545368e+32,-5.67865116236829e+20,2.099458733539689e+32,2.099458733551047e+32,0,-1.383535805588216e+19,-1,562422919645.2687,1,1,1,1,fusion,metastable_moscovium,,1e+18,1000000000000000,200000000000000,0.2,1000000000,100000000,5000,0,0.8,0.05,1.05,0.95,0.8,1,1,1,0,0
18,0.3000006,0,0,6371999.017931106,0,0,-5.710028907204082,999.017931105569,-5.710028907204082,engineered_metric,saucer,0,0,0,0,0,80,80,0,0,-0.9999999986080026,-1.000000002783995,1,1.922962665676745e-16,16,0.3166672999999998,0.316667299784602,-0,0,4.201522023741903e-17,0.9999999993040013,9.410893516961415e-13,7.958717306496916,4,25.13274122871834,0.9974999999999999,0.9974999999999999,1,20,5,1.005349704096547e-15,4.276982211338492e+27,4.276982211338492e+27,4.276982211338216e+27,1.387778776454816e-15,1.387778776440586e-15,1.898507865871911e-15,2.287086019398008e-15,0.9973340126058267,0.4999999999997307,0,0,0,0,0,0,1.554312229530091e-15,-0,-0,-9.978186579227003,0.5,1.078506214484181e+20,1.078506213733542e+20,23947.64863043311,0,1.078506213733542e+20,-1078325329920,9.996833327e+17,316667300000000,1000000000000000,1.129115270777473e+39,1000000000000000,1,9.410893516961415e-13,2.099458733539551e+32,-1.387108685230113e+19,2.099458733545405e+32,-5.854507048823214e+20,2.09945873355126e+32,2.099458733545405e+32,-5.854507048823214e+20,2.099458733539551e+32,2.09945873355126e+32,0,-1.387140351960113e+19,-1,593543735882.4862,1,1,1,1,fusion,metastable_moscovium,,1e+18,1000000000000000,200000000000000,0.2,1000000000,100000000,5000,0,0.8,0.05,1.05,0.95,0.8,1,1,1,0,0
19,0.3166673,0,0,6371998.921377899,0,0,-5.876332346935261,998.9213778991252,-5.876332346935261,engineered_metric,saucer,0,0,0,0,0,80,80,0,0,-0.9999999986080026,-1.000000002783995,1,1.922962658553576e-16,16,0.3333339999999999,0.3333339997730023,-0,0,3.429679543113148e-17,0.9999999993040013,1.375829552154465e-12,8.377597164733597,4,25.13274122871834,0.9974999999999999,0.9974999999999999,1,20,5,1.005349704041259e-15,4.276982211338872e+27,4.276982211338872e+27,4.276982211336896e+27,1.387778776454976e-15,1.387778776436862e-15,1.898507865839188e-15,2.287085987279415e-15,0.9973340126058282,0.5000000000009753,0,0,0,0,0,0,1.554312229530165e-15,-0,-0,-9.978186401442191,0.5,1.078506214484181e+20,1.078506213733542e+20,23947.64863043311,0,1.078506213733542e+20,-1078325329920,9.99666666e+17,333334000000000,1000000000000000,5.28287984004202e+38,1000000000000000,1,1.375829552154465e-12,2.099458733539412e+32,-1.387108685230113e+19,2.099458733545443e+32,-6.030642466197178e+20,2.099458733551473e+32,2.099458733545443e+32,-6.030642466197178e+20,2.099458733539412e+32,2.099458733551473e+32,0,-1.387142018630113e+19,-1,118729468295.869,1,1,1,1,fusion,metastable_moscovium,,1e+18,1000000000000000,200000000000000,0.2,1000000000,100000000,5000,0,0.8,0.05,1.05,0.95,0.8,1,1,1,0,0
20,0.333334,0,0,6371998.822052963,0,0,-6.042635783415425,998.822052963078,-6.042635783415425,engineered_metric,saucer,0,0,0,0,0,80,80,0,0,-0.9999999986080026,-1.000000002783995,1,1.922962652332753e-16,16,0.3500006999999998,0.3500006997614025,-0,0,2.346680794494892e-17,0.9999999993040013,2.464628520507473e-12,8.796477022970276,4,25.13274122871834,0.9974999999999999,0.9974999999999999,1,20,5,1.570092464126409e-16,-1387714959651207,-1387714959651207,-7266001055821049,3.885780580015251e-16,3.885780579795047e-16,2.63051804062584e-16,6.516300127386483e-16,0.99946566289237,0.5000000000037718,1,1,1,1,1,1,2.220446049254254e-16,-0,-0,-9.978186113639689,0.5,1.078506214484181e+20,1.078506213733542e+20,23947.64863043311,0,1.078506213733542e+20,-1078325329920,9.996499993e+17,350000700000000,1000000000000000,1.646254823325338e+38,1000000000000000,1,2.464628520507473e-12,1.749548944615242e+32,-3.499097889241699e+31,2.09945873354548e+32,-3.499097889302384e+31,2.449368522475718e+32,2.09945873354548e+32,-3.499097889302384e+31,1.749548944615242e+32,2.449368522475718e+32,0,-3.499097889241699e+31,-1,244721497021.7927,1,1,1,1,fusion,metastable_moscovium,,1e+18,1000000000000000,200000000000000,0.2,1000000000,100000000,5000,0,0.8,0.05,1.05,0.95,0.8,1,1,1,0,0
21,0.3500007,0,0,6371998.719956296,0,0,-6.208939214948851,998.7199562964961,-6.208939214948851,engineered_metric,saucer,0,0,0,0,0,80,80,0,0,-0.9999999986080024,-1.000000002783995,1,1.922962654868104e-16,16,0.3666673999999998,0.3666673997498028,-0,0,7.03705426501386e-18,0.9999999993040012,6.460063098627535e-12,9.215356881206956,4,25.13274122871834,0.9974999999999999,0.9974999999999999,1,20,5,1.570092461158049e-16,-426683191993764.5,-426683191993764.5,-1.952642825492594e+16,3.885780580010756e-16,3.885780579751212e-16,5.961187100982212e-16,3.185629675587768e-16,0.9994656628923698,0.499999999983301,1,0,1,1,0,0,-2.220446049246557e-16,-0,-0,-9.978185489052899,0.5,1.078506214484181e+20,1.078506213733542e+20,23947.64863043311,0,1.078506213733542e+20,-1078325329920,9.996333326e+17,366667400000000,1000000000000000,2.396218848803809e+37,1000000000000000,1,6.460063098627535e-12,-3.499097889290645e+31,-2.099458733544306e+32,6.077806439784081e+20,-3.499097889351423e+31,3.499097889412201e+31,6.077806439784081e+20,-3.499097889351423e+31,-3.499097889290645e+31,3.499097889412201e+31,0,-2.099458733544306e+32,-1,59357003777.85619,1,1,1,1,fusion,metastable_moscovium,,1e+18,1000000000000000,200000000000000,0.2,1000000000,100000000,5000,0,0.8,0.05,1.05,0.95,0.8,1,1,1,0,0
22,0.3666674,0,0,6371998.6150879,0,0,-6.375242662819335,998.6150879003108,-6.375242662819335,engineered_metric,saucer,0,0,0,0,0,80,80,0,0,-0.9999999986080024,-1.000000002783995,1,1.922962978992684e-16,-16,0.3833340999999998,0.383334099738203,0,-0,6.332570087452447e-17,0.9999999993040012,5.811259372637269e-11,9.634236739443635,4,25.13274122871834,0.9974999999999999,0.9974999999999999,1,20,5,1.570092484386199e-16,-3933405589362360,-3933405589362360,-1.799658330593379e+17,3.885780580018702e-16,3.885780582315666e-16,3.18562954842955e-16,3.185640562070704e-16,0.9994656628925918,0.4999999998522212,1,0,1,1,0,0,-2.220446049285029e-16,-0,-0,-9.978182376989148,0.5,1.078506214484181e+20,1.078506213733542e+20,23947.64863043311,16384,1.078506213733542e+20,-1078325313536,9.996166659e+17,383334100000000,1000000000000000,2.96114368049975e+35,1000000000000000,1,5.811259372637269e-11,-3.49909788929354e+31,-2.894913840473755e+19,6.427219505241613e+20,-3.499097889357813e+31,3.499097889422085e+31,6.427219505241613e+20,-3.499097889357813e+31,-3.49909788929354e+31,3.499097889422085e+31,0,-2.894952173883755e+19,-1,478522808408.813,1,1,1,1,fusion,metastable_moscovium,,1e+18,1000000000000000,200000000000000,0.2,1000000000,100000000,5000,0,0.8,0.05,1.05,0.95,0.8,1,1,1,0,0
23,0.3833341,0,0,6371998.507447774,0,0,-6.541546257596709,998.5074477735907,-6.541546257596709,engineered_metric,saucer,0,0,0,0,0,80,80,0,0,-0.9999999986080024,-1.000000002783995,1,1.922963521485096e-16,-16,0.4000007999999998,0.4000007997266033,0,-0,5.533725847601323e-16,0.9999999993040012,5.811191748075656e-11,10.05311659768032,4,25.13274122871834,0.9974999999999999,0.9974999999999999,1,20,5,1.570094247071586e-16,-3.519225247435002e+16,-3.519225247435002e+16,-1.84257350454497e+17,3.885780580042453e-16,5.55111517593342e-16,3.18563023656291e-16,5.357091660007794e-16,0.9994656628925986,0.588235294719612,1,0,1,1,0,0,-2.220446049351047e-16,-0,-0,-9.978191454678177,0.5,1.078506214484181e+20,1.078506213733542e+20,23947.64863043311,0,1.078506213733542e+20,-1078325313536,9.995999992e+17,400000800000000,1000000000000000,2.961212598276713e+35,1000000000000000,1,5.811191748075656e-11,-3.499097889294986e+31,-1.445655480385929e+19,6.60166029623646e+20,-3.499097889361002e+31,3.499097889427019e+31,6.60166029623646e+20,-3.499097889361002e+31,-3.499097889294986e+31,3.499097889427019e+31,0,-1.445695480465928e+19,-0.9999999999999978,295065858.5606961,1,1,1,1,fusion,metastable_moscovium,,1e+18,1000000000000000,200000000000000,0.2,1000000000,100000000,5000,0,0.8,0.05,1.05,0.95,0.8,1,1,1,0,0
24,0.4000008,0,0,6371998.397035916,0,0,-6.707849735299503,998.3970359163359,-6.707849735299503,engineered_metric,saucer,0,0,0,0,0,80,80,0,0,-0.9999999986080024,-1.000000002783995,1,1.922962823167889e-16,-16,0.4166674999999997,0.4166674997150036,0,-0,1.610475118661005e-16,0.9999999993040012,6.460075498771543e-12,10.47199645591699,4,25.13274122871834,0.9974999999999999,0.9974999999999999,1,20,5,1.570092611507676e-16,-1.047955819964913e+16,-1.047955819964913e+16,-2.095838578717735e+16,3.885780580012444e-16,3.885780579191695e-16,3.185629598256532e-16,6.516371516687104e-16,0.9994656628923957,0.5000000000157797,1,0,1,1,0,0,-2.220446049267237e-16,-0,-0,-9.978188341938866,0.5,1.078506214484181e+20,1.078506213733542e+20,47895.29726086622,0,1.078506213733542e+20,-1078325313536,9.995833325e+17,416667500000000,1000000000000000,2.396209649706897e+37,1000000000000000,1,6.460075498771543e-12,-3.49909788929481e+31,1.756403854674493e+18,6.580402118612209e+20,-3.499097889360614e+31,3.499097889426418e+31,6.580402118612209e+20,-3.499097889360614e+31,-3.49909788929481e+31,3.499097889426418e+31,0,1.755987187174493e+18,0.999525657294253,36906884.13404363,1,1,1,1,fusion,metastable_moscovium,,1e+18,1000000000000000,200000000000000,0.2,1000000000,100000000,5000,0,0.8,0.05,1.05,0.95,0.8,1,1,1,0,0
25,0.4166675,0,0,6371998.283964863,0,0,-6.826756477361382,998.283964863047,-6.826756477361382,engineered_metric,saucer,0,0,0,0,0,80,80,0,0,-0.9999999986080024,-1.000000002783995,1,1.922962745372916e-16,-16,0.4333341999999997,0.4333341997034038,0,-0,1.1004648724574e-16,0.9999999993040012,2.464809657497124e-12,10.89087631415367,4,25.13274122871834,0.9974999999999999,0.9974999999999999,1,20,5,1.570092530913501e-16,-7272653135079960,-7272653135079960,-8121364367711405,3.885780580009093e-16,3.885780579649544e-16,3.185629566786918e-16,6.51633265496416e-16,0.9994656628923801,0.4999999999975673,1,0,1,1,0,0,-2.220446049257907e-16,-0,-0,-9.978187717351707,0.5,1.078506214484181e+20,1.078506213733542e+20,47895.29726086622,0,1.078506213733542e+20,-1078325313536,9.995666658e+17,433334200000000,1000000000000000,1.646012868183017e+38,1000000000000000,1,2.464809657497124e-12,-3.499097889296129e+31,-1.319104330856818e+19,6.740083800165991e+20,-3.49909788936353e+31,3.499097889430931e+31,6.740083800165991e+20,-3.49909788936353e+31,-3.499097889296129e+31,3.499097889430931e+31,0,-1.319147664276818e+19,-1,132688101828.9191,1,1,1,1,fusion,metastable_moscovium,,1e+18,1000000000000000,200000000000000,0.2,1000000000,100000000,5000,0,0.8,0.05,1.05,0.95,0.8,1,1,1,0,0
26,0.4333342,0,0,6371998.17018536,0,0,-6.826756485866129,998.1701853601262,-6.826756485866128,engineered_metric,saucer,0,0,0,0,0,80,80,0,0,-0.9999999986080024,-1.000000002783995,1,3.348655897256388e-21,-16,0.4500008999999998,0.4500008996918038,0,0,8.979800840354407e-17,0.9999999993040012,1.375890337330233e-12,11.30975617239035,4,25.13274122871834,0.9974999999999999,0.9974999999999999,1,20,5,1.570092507456431e-16,-5931204525579338,-5931204525579338,-4530947768738373,5.551115110770683e-16,3.885780579815889e-16,5.356278159400841e-16,6.516321280594855e-16,0.9999999999999993,0.4117647060423218,1,0,1,1,0,0,-2.220446049254392e-16,0,0,-5.14040062707246e-07,0.5,1.078506214484181e+20,1.078506213733542e+20,47895.29726086622,0,1.078506213733542e+20,-1078325313536,9.995499991e+17,450000900000000,1000000000000000,5.282413067832697e+38,1000000000000000,1,1.375890337330233e-12,-3.499097889297104e+31,-9.745789593629753e+18,6.85761408741047e+20,-3.49909788936568e+31,3.499097889434257e+31,6.85761408741047e+20,-3.49909788936568e+31,-3.499097889297104e+31,3.499097889434257e+31,0,-9.746239594529753e+18,-1,118736552271.3143,1,1,1,1,fusion,metastable_moscovium,,1e+18,1000000000000000,200000000000000,0.2,1000000000,100000000,5000,0,0.8,0.05,1.05,0.95,0.8,1,1,1,0,0
27,0.4500009,0,0,6371998.056405857,0,0,-6.826756490931761,998.0564058572054,-6.826756490931761,engineered_metric,saucer,0,0,0,0,0,80,80,0,0,-0.9999999986080024,-1.000000002783995,1,2.92060611743547e-21,-16,0.4666675999999997,0.4666675996802024,0,0,7.831943298297746e-17,0.9999999993040012,9.411182952485404e-13,11.72863603062703,4,25.13274122871834,0.9974999999999999,0.9974999999999999,1,20,5,1.570092496306854e-16,-5172979378794012,-5172979378794012,-3099209066648024,5.551115110766807e-16,3.885780579904538e-16,5.356278155335681e-16,6.516315856185861e-16,0.9999999999999996,0.4117647060369426,1,0,1,1,0,0,-2.220446049252493e-16,0,0,-3.362367300074744e-07,0.5,1.078506214484181e+20,1.078506213733542e+20,47895.29726086622,0,1.078506213733542e+20,-1078325313536,9.995333324e+17,466667600000000,1000000000000000,1.129045821262715e+39,1000000000000000,1,9.411182952485404e-13,-3.499097889297098e+31,5.854679515581645e+16,6.856837781310162e+20,-3.499097889365666e+31,3.499097889434235e+31,6.856837781310162e+20,-3.499097889365666e+31,-3.499097889297098e+31,3.499097889434235e+31,0,5.808012755581645e+16,0.9841843681693122,118715585832.6111,1,1,1,1,fusion,metastable_moscovium,,1e+18,1000000000000000,200000000000000,0.2,1000000000,100000000,5000,0,0.8,0.05,1.05,0.95,0.8,1,1,1,0,0
28,0.4666676,0,0,6371997.942626354,0,0,-6.826756493627933,997.9426263542846,-6.826756493627933,engineered_metric,saucer,0,0,0,0,0,80,80,0,0,-0.9999999986080024,-1.000000002783995,1,2.625752237919779e-21,-16,0.4833342999999997,0.4833342996686011,0,0,7.041261220817035e-17,0.9999999993040012,7.380384157203038e-13,12.14751588886371,4,25.13274122871834,0.9974999999999999,0.9974999999999999,1,20,5,1.570092489512191e-16,-4650907876663782,-4650907876663782,-2430458877505410,5.551115110764269e-16,3.885780579962632e-16,5.356278152858217e-16,6.51631255052944e-16,0.9999999999999996,0.4117647060340096,1,0,1,1,0,0,-2.220446049251249e-16,0,0,-2.060350258829263e-07,0.5,1.078506214484181e+20,1.078506213733542e+20,47895.29726086622,0,1.078506213733542e+20,-1078325313536,9.995166657e+17,483334300000000,1000000000000000,1.835870587916395e+39,1000000000000000,1,7.380384157203038e-13,-3.499097889297095e+31,3.602879701896397e+16,6.85647760125868e+20,-3.499097889365659e+31,3.499097889434224e+31,6.85647760125868e+20,-3.499097889365659e+31,-3.499097889297095e+31,3.499097889434224e+31,0,3.554546271896397e+16,0.9735247282182642,118669443072.184,1,1,1,1,fusion,metastable_moscovium,,1e+18,1000000000000000,200000000000000,0.2,1000000000,100000000,5000,0,0.8,0.05,1.05,0.95,0.8,1,1,1,0,0
29,0.4833343,0,0,6371997.828846851,0,0,-6.826756494459723,997.8288468513638,-6.826756494459723,engineered_metric,saucer,0,0,0,0,0,80,80,0,0,-0.9999999986080024,-1.000000002783995,1,2.393779136113712e-21,-16,0.5000009999999997,0.5000009996569997,0,0,6.41919899488296e-17,0.9999999993040012,6.437546533186432e-13,12.56639574710039,4,25.13274122871834,0.9974999999999999,0.9974999999999999,1,20,5,1.570092484674273e-16,-4239854519868089,-4239854519868089,-2119942099029561,5.55111511076236e-16,3.885780580006317e-16,5.356278151094159e-16,6.516310196865626e-16,0.9999999999999996,0.4117647060364822,1,0,1,1,0,0,-2.220446049250313e-16,0,0,-9.835757065066055e-08,0.5,1.078506214484181e+20,1.078506213733542e+20,47895.29726086622,0,1.078506213733542e+20,-1078325313536,9.99499999e+17,500001000000000,1000000000000000,2.413010642573117e+39,1000000000000000,1,6.437546533186432e-13,3.499097889183518e+31,6.998195778480613e+31,3.49909788928434e+31,-1.00822513228696e+21,3.499097889385162e+31,3.49909788928434e+31,-1.00822513228696e+21,3.499097889183518e+31,3.499097889385162e+31,0,6.998195778480613e+31,1,132732126715.0812,1,1,1,1,fusion,metastable_moscovium,,1e+18,1000000000000000,200000000000000,0.2,1000000000,100000000,5000,0,0.8,0.05,1.05,0.95,0.8,1,1,1,0,0
30,0.500001,0,0,6371997.715067348,0,0,-6.826756493663705,997.715067348443,-6.826756493663705,engineered_metric,saucer,0,0,0,0,0,80,80,0,0,-0.9999999986080024,-1.000000002783995,1,2.191283701566653e-21,-16,0.5166676999999997,0.5166676996453984,0,0,5.876183109861928e-17,0.9999999993040012,6.159259077647777e-13,12.98527560533707,4,25.13274122871834,0.9974999999999999,0.9974999999999999,1,20,5,1.570092480817735e-16,-3881308451085499,-3881308451085499,-2028313728602208,5.551115110761577e-16,3.885780580055108e-16,5.35627814968912e-16,3.185639246256733e-16,0.9999999999999996,0.4117647060391919,1,1,1,1,1,1,2.220446049251094e-16,-0,-0,5.814848948930306e-12,0.5,1.078506214484181e+20,1.078506213733542e+20,47895.29726086622,0,1.078506213733542e+20,-1078325313536,9.994833323e+17,516667700000000,1000000000000000,2.635985733823624e+39,1000000000000000,1,6.159259077647777e-13,3.499097889183519e+31,4503599627370496,3.499097889284341e+31,-1.008217336469786e+21,3.499097889385163e+31,3.499097889284341e+31,-1.008217336469786e+21,3.499097889183519e+31,3.499097889385163e+31,0,3986931927370496,0.7941672559215609,59351498863.73595,1,1,1,1,fusion,metastable_moscovium,,1e+18,1000000000000000,200000000000000,0.2,1000000000,100000000,5000,0,0.8,0.05,1.05,0.95,0.8,1,1,1,0,0
31,0.5166677,0,0,6371997.601287846,0,0,-6.826756491311781,997.6012878455222,-6.826756491311781,engineered_metric,saucer,0,0,0,0,0,80,80,0,0,-0.9999999986080024,-1.000000002783995,1,1.997763514260941e-21,-16,0.5333343999999997,0.533334399633797,0,0,5.357234059281674e-17,0.9999999993040012,6.437615324885889e-13,13.40415546357375,4,25.13274122871834,0.9974999999999999,0.9974999999999999,1,20,5,1.570092477450471e-16,-3538539939113463,-3538539939113463,-2120001848842366,3.885780580006876e-16,3.885780580099491e-16,3.1856295459613e-16,3.185637607615605e-16,0.99946566289237,0.4999999999995782,1,1,1,1,1,1,2.220446049251804e-16,-0,-0,9.836972655416912e-08,0.5,1.078506214484181e+20,1.078506213733542e+20,47895.29726086622,0,1.078506213733542e+20,-1078325313536,9.994666656e+17,533334400000000,1000000000000000,2.412959072478406e+39,1000000000000000,1,6.437615324885889e-13,3.499097889183518e+31,-4503599627370496,3.49909788928434e+31,-1.008225619578174e+21,3.499097889385162e+31,3.49909788928434e+31,-1.008225619578174e+21,3.499097889183518e+31,3.499097889385162e+31,0,-5036934027370496,-0.9999999999999998,59347304799.19827,1,1,1,1,fusion,metastable_moscovium,,1e+18,1000000000000000,200000000000000,0.2,1000000000,100000000,5000,0,0.8,0.05,1.05,0.95,0.8,1,1,1,0,0
32,0.5333344,0,0,6371997.487508343,0,0,-6.826756487339052,997.4875083426014,-6.826756487339052,engineered_metric,saucer,0,0,0,0,0,80,80,0,0,-0.9999999986080024,-1.000000002783995,1,1.796214875728888e-21,-16,0.5500010999999997,0.5500010996221957,0,0,4.81675404792873e-17,0.9999999993040012,7.38052825972438e-13,13.82303532181043,4,25.13274122871834,0.9974999999999999,0.9974999999999999,1,20,5,1.570092474274264e-16,-3181490761513494,-3181490761513494,-2430491491094252,3.885780580007129e-16,3.885780581346072e-16,3.185629544686194e-16,5.961193623701009e-16,0.99946566289237,0.5000000000279857,1,1,1,1,1,1,2.220446049252501e-16,-0,-0,2.060483693494132e-07,0.5,1.078506214484181e+20,1.078506213733542e+20,47895.29726086622,0,1.078506213733542e+20,-1078325313536,9.994499989e+17,550001100000000,1000000000000000,1.835798899010506e+39,1000000000000000,1,7.38052825972438e-13,-5.671881881648996e+20,-3.499097889240237e+31,3.499097889284341e+31,-3.49909788934106e+31,6.998195778625401e+31,3.499097889284341e+31,-3.49909788934106e+31,-5.671881881648996e+20,6.998195778625401e+31,0,-3.499097889240237e+31,-1,59361985727.84423,1,1,1,1,fusion,metastable_moscovium,,1e+18,1000000000000000,200000000000000,0.2,1000000000,100000000,5000,0,0.8,0.05,1.05,0.95,0.8,1,1,1,0,0
33,0.5500011,0,0,6371997.37372884,0,0,-6.82675648152153,997.3737288396806,-6.82675648152153,engineered_metric,saucer,0,0,0,0,0,80,80,0,0,-0.9999999986080024,-1.000000002783995,1,1.566863496461524e-21,-16,0.5666677999999996,0.5666677996105943,-0,0,4.201714802356794e-17,0.9999999993040012,9.411482985570092e-13,14.24191518004711,4,25.13274122871834,0.9974999999999999,0.9974999999999999,1,20,5,1.570092471070423e-16,-2775254181925683,-2775254181925683,-3099344963574400,3.885780580007395e-16,3.885780579870103e-16,3.185629543399982e-16,6.516303575592855e-16,0.99946566289237,0.5000000000009266,1,1,1,1,1,1,2.220446049253231e-16,-0,-0,3.362529471104966e-07,0.5,1.078506214484181e+20,1.078506213733542e+20,47895.29726086622,0,1.078506213733542e+20,-1078325313536,9.994333322e+17,566667800000000,1000000000000000,1.128973835646543e+39,1000000000000000,1,9.411482985570092e-13,-5.672053582837487e+20,-1.717011884906906e+16,3.499097889284344e+31,-3.499097889341065e+31,6.998195778625409e+31,3.499097889284344e+31,-3.499097889341065e+31,-5.672053582837487e+20,6.998195778625409e+31,0,-1.773678664906906e+16,-1,17961137.08440272,1,1,1,1,fusion,metastable_moscovium,,1e+18,1000000000000000,200000000000000,0.2,1000000000,100000000,5000,0,0.8,0.05,1.05,0.95,0.8,1,1,1,0,0
34,0.5666677999999999,0,0,6371997.259885309,0,0,-6.862511975683905,997.2598853092641,-6.862511975683905,engineered_metric,saucer,0,0,0,0,0,80,80,0,0,-0.9999999986080024,-1.000000002783995,1,1.922962658563227e-16,-16,0.5833344999999996,0.583334499598993,-0,0,3.42990557853828e-17,0.9999999993040012,1.375953504393682e-12,14.66079503828379,4,25.13274122871834,0.9974999999999999,0.9974999999999999,1,20,5,1.570092467667542e-16,-2277340506051523,-2277340506051523,-4554726841068414,3.885780580007686e-16,3.885780579832909e-16,3.185629542034039e-16,6.516301919631879e-16,0.9994656628923698,0.4999999999966382,1,1,1,1,1,1,2.22044604925403e-16,-0,-0,5.140609569472965e-07,0.5,1.078506214484181e+20,1.078506213733542e+20,47895.29726086622,0,1.078506213733542e+20,-1078325313536,9.994166655e+17,583334500000000,1000000000000000,5.281928070539957e+38,1000000000000000,1,1.375953504393682e-12,-5.673033202247951e+20,-9.796194104639488e+16,3.499097889284345e+31,-3.499097889341076e+31,6.998195778625421e+31,3.499097889284345e+31,-3.499097889341076e+31,-5.673033202247951e+20,6.998195778625421e+31,0,-9.854527554639488e+16,-1,118718726280.2201,1,1,1,1,fusion,metastable_moscovium,,1e+18,1000000000000000,200000000000000,0.2,1000000000,100000000,5000,0,0.8,0.05,1.05,0.95,0.8,1,1,1,0,0
35,0.5833345,0,0,6371997.144124018,0,0,-7.02881541216257,997.1441240180284,-7.02881541216257,engineered_metric,saucer,0,0,0,0,0,80,80,0,0,-0.9999999986080024,-1.000000002783995,1,1.922962652333895e-16,-16,0.6000011999999996,0.6000011995873916,-0,0,2.346919476868649e-17,0.9999999993040012,2.464980208637734e-12,15.07967489652047,4,25.13274122871834,0.9974999999999999,0.9974999999999999,1,20,5,1.570092464044763e-16,-1593624199475777,-1593624199475777,-8344840341065074,3.88578058001559e-16,3.885780579795542e-16,5.961187102153663e-16,6.516300160785037e-16,0.9994656628923804,0.4999999999962297,1,1,1,1,1,1,2.220446049254908e-16,-0,-0,-9.97818611353107,0.5,1.078506214484181e+20,1.078506213733542e+20,47895.29726086622,0,1.078506213733542e+20,-1078325313536,9.993999988e+17,600001200000000,1000000000000000,1.645785101923996e+38,1000000000000000,1,2.464980208637734e-12,-5.70432157685755e+20,-3.128837460959953e+18,3.499097889284589e+31,-3.499097889341632e+31,6.998195778626221e+31,3.499097889284589e+31,-3.499097889341632e+31,-5.70432157685755e+20,6.998195778626221e+31,0,-3.129437462159953e+18,-1,59348877418.87508,1,1,1,1,fusion,metastable_moscovium,,1e+18,1000000000000000,200000000000000,0.2,1000000000,100000000,5000,0,0.8,0.05,1.05,0.95,0.8,1,1,1,0,0
36,0.6000012,0,0,6371997.025590996,0,0,-7.195118843695584,997.025590996258,-7.195118843695584,engineered_metric,saucer,0,0,0,0,0,80,80,0,0,-0.9999999986080024,-1.000000002783995,1,1.92296265486887e-16,-16,0.6166678999999996,0.6166678995757903,-0,0,7.036571472063501e-18,0.9999999993040012,6.460407234369232e-12,15.49855475475715,4,25.13274122871834,0.9974999999999999,0.9974999999999999,1,20,5,1.570092461156349e-16,-488151562572960.1,-488151562572960.1,-2.233980200292142e+16,3.885780580014967e-16,3.885780579811024e-16,5.961187100991817e-16,6.516298751613159e-16,0.9994656628923977,0.5000000000131177,1,1,1,1,1,1,2.220446049254674e-16,-0,-0,-9.978185489001559,0.5,1.078506214484181e+20,1.078506213733542e+20,47895.29726086622,0,1.078506213733542e+20,-1078325313536,9.993833321e+17,616667900000000,1000000000000000,2.395963569977673e+37,1000000000000000,1,6.460407234369232e-12,-5.848539178626991e+20,-1.442176017694405e+19,3.499097889285709e+31,-3.499097889344195e+31,6.998195778629904e+31,3.499097889285709e+31,-3.499097889344195e+31,-5.848539178626991e+20,6.998195778629904e+31,0,-1.442237684484405e+19,-1,118710267135.37,1,1,1,1,fusion,metastable_moscovium,,1e+18,1000000000000000,200000000000000,0.2,1000000000,100000000,5000,0,0.8,0.05,1.05,0.95,0.8,1,1,1,0,0
37,0.6166678999999999,0,0,6371996.904286245,0,0,-7.361422291570393,996.9042862448841,-7.361422291570392,engineered_metric,saucer,0,0,0,0,0,80,80,0,0,-0.9999999986080024,-1.000000002783995,1,1.922962974645914e-16,-16,0.6333345999999996,0.6333345995641889,0,-0,6.237749355535918e-17,0.9999999993040012,5.723573417545254e-11,15.91743461299383,4,25.13274122871834,0.9974999999999999,0.9974999999999999,1,20,5,1.570092483057114e-16,-4416794109742646,-4416794109742646,-2.020555364628007e+17,3.88578057992936e-16,3.885780581736181e-16,5.96118710978784e-16,6.51630955880221e-16,0.9994656628926215,0.4999999998837512,1,1,1,1,1,1,2.220446049210755e-16,-0,-0,-9.978182445734229,0.5,1.078506214484181e+20,1.078506213733542e+20,47895.29726086622,0,1.078506213733542e+20,-1078325313536,9.993666654e+17,633334600000000,1000000000000000,3.052568961713077e+35,1000000000000000,1,5.723573417545254e-11,-6.067996383038978e+20,-2.194572044119874e+19,3.499097889287412e+31,-3.499097889348092e+31,6.998195778635504e+31,3.499097889287412e+31,-3.499097889348092e+31,-6.067996383038978e+20,6.998195778635504e+31,0,-2.194635377579874e+19,-1,474846916853.7169,1,1,1,1,fusion,metastable_moscovium,,1e+18,1000000000000000,200000000000000,0.2,1000000000,100000000,5000,0,0.8,0.05,1.05,0.95,0.8,1,1,1,0,0
38,0.6333346,0,0,6371996.780209763,0,0,-7.527725886652017,996.7802097629756,-7.527725886652017,engineered_metric,saucer,0,0,0,0,0,80,80,0,0,-0.9999999986080021,-1.000000002783995,1,1.922963526497226e-16,-16,0.6500012999999996,0.6500012995525876,0,-0,5.545239155553573e-16,0.9999999993040011,5.823070587989857e-11,16.33631447123051,4,25.13274122871834,0.9974999999999999,0.9974999999999999,1,20,5,1.570094209070612e-16,-4.006433189869536e+16,-4.006433189869536e+16,-2.097587608849602e+17,3.885780579904277e-16,3.885780586816658e-16,2.630518748654375e-16,3.186493733362427e-16,0.9994656628926328,0.5000000001183279,1,0,1,1,0,0,-2.220446049366678e-16,-0,-0,-9.978191464225805,0.5,1.078506214484181e+20,1.078506213733542e+20,47895.29726086622,-16384,1.078506213733542e+20,-1078325329920,9.993499987e+17,650001300000000,1000000000000000,2.94914340170186e+35,1000000000000000,1,5.823070587989857e-11,-3.499097889303505e+31,-3.499097889242824e+31,7.639365191009681e+20,-3.499097889379898e+31,3.499097889456292e+31,7.639365191009681e+20,-3.499097889379898e+31,-3.499097889303505e+31,3.499097889456292e+31,0,-3.499097889242824e+31,-1,230023756.3326712,1,1,1,1,fusion,metastable_moscovium,,1e+18,1000000000000000,200000000000000,0.2,1000000000,100000000,5000,0,0.8,0.05,1.05,0.95,0.8,1,1,1,0,0
39,0.6500013,0,0,6371996.653361551,0,0,-7.69402936436091,996.6533615505323,-7.69402936436091,engineered_metric,saucer,0,0,0,0,0,80,80,0,0,-0.9999999986080021,-1.000000002783995,1,1.922962823478105e-16,-16,0.6666679999999996,0.6666679995409862,0,-0,1.610820349244393e-16,0.9999999993040011,6.461334623478912e-12,16.75519432946719,4,25.13274122871834,0.9974999999999999,0.9974999999999999,1,20,5,1.005349706226594e-15,-4.276982211352722e+27,-4.276982211352722e+27,-4.276982211364591e+27,1.360026808743108e-15,1.387778776566216e-15,1.851131237641772e-15,1.84299829015663e-15,0.997334012605823,0.5050504598717728,1,1,1,1,1,1,-1.554312229531795e-15,-0,-0,-9.97818834224157,0.5,1.078506214484181e+20,1.078506213733542e+20,47895.29726086622,0,1.078506213733542e+20,-1078325329920,9.99333332e+17,666668000000000,1000000000000000,2.395275838667848e+37,1000000000000000,1,6.461334623478912e-12,-3.499097889302965e+31,5.395312353589854e+18,7.574208365553971e+20,-3.499097889378707e+31,3.499097889454449e+31,7.574208365553971e+20,-3.499097889378707e+31,-3.499097889302965e+31,3.499097889454449e+31,0,5.394645685589838e+18,0.9997529019303637,54752273.61133498,1,1,1,1,fusion,metastable_moscovium,,1e+18,1000000000000000,200000000000000,0.2,1000000000,100000000,5000,0,0.8,0.05,1.05,0.95,0.8,1,1,1,0,0
40,0.666668,0,0,6371996.523741608,0,0,-7.860332826795692,996.5237416075543,-7.860332826795692,engineered_metric,saucer,0,0,0,0,0,80,80,0,0,-0.9999999986080021,-1.000000002783995,1,1.922962747002737e-16,-16,0.6833346999999995,0.6833346995293849,0,-0,1.100551678995598e-16,0.9999999993040011,2.464975428553747e-12,17.17407418770387,4,25.13274122871834,0.9974999999999999,0.9974999999999999,1,20,5,1.005349704998558e-15,-4.276982211349119e+27,-4.276982211349119e+27,-4.276982211350084e+27,1.387778776454572e-15,1.221245323847017e-15,1.842996715270494e-15,1.958999606952209e-15,0.9973340126058234,0.4680851063931164,1,1,1,1,1,1,-1.554312229530721e-15,-0,-0,-9.978187717411453,0.5,1.078506214484181e+20,1.078506213733542e+20,47895.29726086622,0,1.078506213733542e+20,-1078325329920,9.993166653e+17,683334700000000,1000000000000000,1.645791484947979e+38,1000000000000000,1,2.464975428553747e-12,-1.749548944626545e+32,-1.399639155696248e+32,3.499097889186591e+31,-2.099458733545204e+32,2.449368522463863e+32,3.499097889186591e+31,-2.099458733545204e+32,-1.749548944626545e+32,2.449368522463863e+32,0,-1.399639155696248e+32,-1,549764203468.4495,1,1,1,1,fusion,metastable_moscovium,,1e+18,1000000000000000,200000000000000,0.2,1000000000,100000000,5000,0,0.8,0.05,1.05,0.95,0.8,1,1,1,0,0
41,0.6833347,0,0,6371996.391349935,0,0,-8.026636283164587,996.3913499349728,-8.026636283164587,engineered_metric,saucer,0,0,0,0,0,80,80,0,0,-0.9999999986080021,-1.000000002783995,1,1.922962720495731e-16,-16,0.7000013999999996,0.7000013995177835,0,0,8.980201505097373e-17,0.9999999993040011,1.375942773949029e-12,17.59295404594055,4,25.13274122871834,0.9974999999999999,0.9974999999999999,1,20,5,1.005349704639086e-15,-4.276982211347726e+27,-4.276982211347726e+27,-4.276982211346104e+27,1.387778776454425e-15,1.221245323359661e-15,1.842996715026853e-15,2.014510475428333e-15,0.9973340126058234,0.4680851064018752,1,1,1,1,1,1,-1.554312229530325e-15,-0,-0,-9.978187429517835,0.5,1.078506214484181e+20,1.078506213733542e+20,47895.29726086622,0,1.078506213733542e+20,-1078325329920,9.992999986e+17,700001400000000,1000000000000000,5.282010454282797e+38,1000000000000000,1,1.375942773949029e-12,-1.749548944626681e+32,-1.365491407018734e+19,3.499097889185449e+31,-2.099458733545226e+32,2.449368522463771e+32,3.499097889185449e+31,-2.099458733545226e+32,-1.749548944626681e+32,2.449368522463771e+32,0,-1.365561407158734e+19,-1,32933524.77956684,1,1,1,1,fusion,metastable_moscovium,,1e+18,1000000000000000,200000000000000,0.2,1000000000,100000000,5000,0,0.8,0.05,1.05,0.95,0.8,1,1,1,0,0
42,0.7000014,0,0,6371996.256223671,0,0,-8.18545642839285,996.2562236711383,-8.18545642839285,engineered_metric,saucer,0,0,0,0,0,80,80,0,0,-0.9999999986080021,-1.000000002783995,1,1.23629203730416e-15,-16,0.7166680999999995,0.7166680995061822,0,0,7.832215824962293e-17,0.9999999993040011,9.411486101825534e-13,18.01183390417723,4,25.13274122871834,0.9974999999999999,0.9974999999999999,1,20,5,1.005349704467582e-15,-4.276982211346951e+27,-4.276982211346951e+27,-4.276982211344505e+27,1.387778776454344e-15,1.387778776444107e-15,1.842996714910652e-15,2.287086256523341e-15,0.9973340126058234,0.50000000000013,1,1,1,1,1,1,-1.554312229530108e-15,-0,-0,-9.978187251703691,0.5,1.078506214484181e+20,1.078506213733542e+20,47895.29726086622,0,1.078506213733542e+20,-1078325329920,9.992833319e+17,716668100000000,1000000000000000,1.128973088013228e+39,1000000000000000,1,9.411486101825534e-13,-1.749548944626818e+32,-1.372697166422527e+19,3.499097889184297e+31,-2.099458733545248e+32,2.449368522463678e+32,3.499097889184297e+31,-2.099458733545248e+32,-1.749548944626818e+32,2.449368522463678e+32,0,-1.372768833232527e+19,-1,474842376358.7322,1,1,1,1,fusion,metastable_moscovium,,1e+18,1000000000000000,200000000000000,0.2,1000000000,100000000,5000,0,0.8,0.05,1.05,0.95,0.8,1,1,1,0,0
43,0.7166681,0,0,6371996.117027393,0,0,-8.518063326816744,996.1170273926109,-8.518063326816744,engineered_metric,saucer,0,0,0,0,0,80,80,0,0,-0.9999999986080021,-1.000000002783995,1,1.236292037173143e-15,0,0.7333347999999995,0.7333347994945808,0,0,7.041473870958802e-17,0.9999999993040011,7.380613805520062e-13,18.43071376241391,4,25.13274122871834,0.9974999999999999,0.9974999999999999,1,20,5,1.005349704362171e-15,-4.27698221134654e+27,-4.27698221134654e+27,-4.276982211343823e+27,1.221245323378846e-15,1.387778776449899e-15,1.958998761996485e-15,2.287086192521307e-15,0.996802520015255,0.5319148935976782,1,1,1,1,1,1,-1.554312229529963e-15,-0,-0,-19.95637403695409,0.5,1.078506214484181e+20,1.078506213733542e+20,47895.29726086622,0,1.078506213733542e+20,-1078325329920,9.992666652e+17,733334800000000,1000000000000000,1.835756343209175e+39,1000000000000000,1,7.380613805520062e-13,-1.749548944626949e+32,-1.304242452086496e+19,3.499097889183193e+31,-2.099458733545268e+32,2.449368522463588e+32,3.499097889183193e+31,-2.099458733545268e+32,-1.749548944626949e+32,2.449368522463588e+32,0,-1.304315785566496e+19,-1,474841792623.3038,1,1,1,1,fusion,metastable_moscovium,,1e+18,1000000000000000,200000000000000,0.2,1000000000,100000000,5000,0,0.8,0.05,1.05,0.95,0.8,1,1,1,0,0
44,0.7333348,0,0,6371995.972287654,0,0,-8.8506702233762,995.9722876539454,-8.8506702233762,engineered_metric,saucer,0,0,0,0,0,80,80,0,0,-0.9999999986080021,-1.000000002783995,1,1.236292036957957e-15,0,0.7500014999999995,0.7500014994829795,0,0,6.419437569928623e-17,0.9999999993040011,6.437813946042497e-13,18.84959362065059,4,25.13274122871834,0.9974999999999999,0.9974999999999999,1,20,5,1.00534970428647e-15,-4.276982211346217e+27,-4.276982211346217e+27,-4.276982211343533e+27,1.221245323378644e-15,1.387778776454249e-15,1.958998761932248e-15,2.287086146935349e-15,0.996802520015255,0.5319148935968566,1,1,1,1,1,1,-1.554312229529849e-15,-0,-0,-19.95637392927384,0.5,1.078506214484181e+20,1.078506213733542e+20,47895.29726086622,0,1.078506213733542e+20,-1078325329920,9.992499985e+17,750001500000000,1000000000000000,2.412810184258697e+39,1000000000000000,1,6.437813946042497e-13,-1.749548944627225e+32,-2.767011611056433e+19,3.499097889180874e+31,-2.099458733545313e+32,2.449368522463401e+32,3.499097889180874e+31,-2.099458733545313e+32,-1.749548944627225e+32,2.449368522463401e+32,0,-2.767086611206433e+19,-1,237426956763.1847,1,1,1,1,fusion,metastable_moscovium,,1e+18,1000000000000000,200000000000000,0.2,1000000000,100000000,5000,0,0.8,0.05,1.05,0.95,0.8,1,1,1,0,0
45,0.7500015,0,0,6371995.822004455,0,0,-9.183277118307783,995.8220044551417,-9.183277118307782,engineered_metric,saucer,0,0,0,0,0,80,80,0,0,-0.9999999986080021,-1.000000002783995,1,1.236292036761381e-15,0,0.7666681999999995,0.7666681994713781,0,0,5.876428654839095e-17,0.9999999993040011,6.159564701447707e-13,19.26847347888727,4,25.13274122871834,0.9974999999999999,0.9974999999999999,1,20,5,1.0053497042265e-15,-4.276982211345926e+27,-4.276982211345926e+27,-4.276982211343503e+27,1.221245323378472e-15,1.387778776457872e-15,1.958998761881042e-15,2.287086110596393e-15,0.996802520015255,0.5319148935974604,1,1,1,1,1,1,-1.554312229529746e-15,-0,-0,-19.95637383090624,0.5,1.078506214484181e+20,1.078506213733542e+20,47895.29726086622,0,1.078506213733542e+20,-1078325329920,9.992333318e+17,766668200000000,1000000000000000,2.635724156900887e+39,1000000000000000,1,6.159564701447707e-13,-1.749548944627502e+32,-2.767011611056433e+19,3.499097889178557e+31,-2.099458733545358e+32,2.449368522463214e+32,3.499097889178557e+31,-2.099458733545358e+32,-1.749548944627502e+32,2.449368522463214e+32,0,-2.767088277876433e+19,-1,474819315087.3654,1,1,1,1,fusion,metastable_moscovium,,1e+18,1000000000000000,200000000000000,0.2,1000000000,100000000,5000,0,0.8,0.05,1.05,0.95,0.8,1,1,1,0,0
46,0.7666682,0,0,6371995.666177795,0,0,-9.515884011683363,995.6661777952686,-9.515884011683363,engineered_metric,saucer,0,0,0,0,0,80,80,0,0,-0.9999999986080017,-1.000000002783997,1,1.236292036564801e-15,-16,0.7833348999999995,0.7833348994597767,0,0,5.357507355528077e-17,0.9999999993040009,6.438018080689467e-13,19.68735333712395,4,25.13274122871834,0.9974999999999999,0.9974999999999999,1,20,5,1.005349704174825e-15,4.276982211336075e+27,4.276982211336075e+27,4.276982211337988e+27,1.221245323378523e-15,1.387778776464387e-15,1.958998761836696e-15,1.842996870258589e-15,0.9968025200152588,0.5319148935969866,0,0,0,0,0,0,1.554312229530053e-15,-0,-0,-19.9563737325363,0.5,1.078506214484181e+20,1.078506213733542e+20,71842.94589129933,0,1.078506213733542e+20,-1078325329920,9.992166651e+17,783334900000000,1000000000000000,2.412657177435674e+39,1000000000000000,1,6.438018080689467e-13,-1.749548944627779e+32,-2.767011611056433e+19,3.499097889176238e+31,-2.099458733545403e+32,2.449368522463027e+32,3.499097889176238e+31,-2.099458733545403e+32,-1.749548944627779e+32,2.449368522463027e+32,0,-2.767089944546433e+19,-1,34468469.51615104,1,1,1,1,fusion,metastable_moscovium,,1e+18,1000000000000000,200000000000000,0.2,1000000000,100000000,5000,0,0.8,0.05,1.05,0.95,0.8,1,1,1,0,0
47,0.7833348999999999,0,0,6371995.504807675,0,0,-9.848490903438009,995.5048076752573,-9.848490903438009,engineered_metric,saucer,0,0,0,0,0,80,80,0,0,-0.9999999986080017,-1.000000002783997,1,1.236292036349601e-15,-16,0.8000015999999994,0.8000015994481754,0,0,4.81702699857149e-17,0.9999999993040009,7.381063666916612e-13,20.10623319536063,4,25.13274122871834,0.9974999999999999,0.9974999999999999,1,20,5,1.005349704126715e-15,4.276982211336424e+27,4.276982211336424e+27,4.27698221133747e+27,1.387778776454367e-15,1.38777877658863e-15,1.842996714667355e-15,1.898507991675546e-15,0.9973340126058278,0.4999999999921426,0,0,0,0,0,0,1.554312229530159e-15,-0,-0,-19.95637362484927,0.5,1.078506214484181e+20,1.078506213733542e+20,71842.94589129933,0,1.078506213733542e+20,-1078325329920,9.991999984e+17,800001600000000,1000000000000000,1.835532578509937e+39,1000000000000000,1,7.381063666916612e-13,2.099458733536246e+32,3.849007678164025e+32,2.099458733546296e+32,-1.005004069781604e+21,2.099458733556346e+32,2.099458733546296e+32,-1.005004069781604e+21,2.099458733536246e+32,2.099458733556346e+32,0,3.849007678164025e+32,1,24869874.62414465,1,1,1,1,fusion,metastable_moscovium,,1e+18,1000000000000000,200000000000000,0.2,1000000000,100000000,5000,0,0.8,0.05,1.05,0.95,0.8,1,1,1,0,0
48,0.8000016,0,0,6371995.337894095,0,0,-10.18109779334758,995.3378940951079,-10.18109779334758,engineered_metric,saucer,0,0,0,0,0,80,80,0,0,-0.9999999986080017,-1.000000002783997,1,1.236292036089365e-15,-16,0.8166682999999995,0.816668299436574,-0,0,4.202061309812267e-17,0.9999999993040009,9.412461459202667e-13,20.52511305359731,4,25.13274122871834,0.9974999999999999,0.9974999999999999,1,20,5,1.005349704079016e-15,4.276982211336876e+27,4.276982211336876e+27,4.276982211336412e+27,1.387778776454413e-15,1.387778776440751e-15,1.842996714637265e-15,2.28708601889181e-15,0.9973340126058291,0.4999999999997413,0,0,0,0,0,0,1.554312229530277e-15,-0,-0,-19.95637349462566,0.5,1.078506214484181e+20,1.078506213733542e+20,71842.94589129933,0,1.078506213733542e+20,-1078325329920,9.991833317e+17,816668300000000,1000000000000000,1.128739122608573e+39,1000000000000000,1,9.412461459202667e-13,2.099458733535969e+32,-2.770614490758329e+19,2.099458733546371e+32,-1.040214563874963e+21,2.099458733556773e+32,2.099458733546371e+32,-1.040214563874963e+21,2.099458733535969e+32,2.099458733556773e+32,0,-2.770696157588329e+19,-1,24454133.06227181,1,1,1,1,fusion,metastable_moscovium,,1e+18,1000000000000000,200000000000000,0.2,1000000000,100000000,5000,0,0.8,0.05,1.05,0.95,0.8,1,1,1,0,0
49,0.8166683,0,0,6371995.166046008,0,0,-10.40144974557313,995.1660460084677,-10.40144974557313,engineered_metric,saucer,0,0,0,0,0,80,80,0,0,-0.9999999986080017,-1.000000002783997,1,1.236292035767462e-15,0,0.8333349999999994,0.8333349994249727,-0,0,3.430362121414218e-17,0.9999999993040009,1.376177944089494e-12,20.94399291183399,4,25.13274122871834,0.9974999999999999,0.9974999999999999,1,20,5,1.005349704029374e-15,4.276982211337545e+27,4.276982211337545e+27,4.276982211334244e+27,1.360023863353936e-15,1.387778776437079e-15,1.851127071375515e-15,2.287085986940551e-15,0.9973340126058318,0.5050500262437451,0,0,0,0,0,0,1.554312229530408e-15,-0,-0,-19.9563733167708,0.5,1.078506214484181e+20,1.078506213733542e+20,71842.94589129933,0,1.078506213733542e+20,-1078325329920,9.99166665e+17,833335000000000,1000000000000000,5.280205360674506e+38,1000000000000000,1,1.376177944089494e-12,2.09945873353569e+32,-2.785026009565915e+19,2.099458733546446e+32,-1.075519824531013e+21,2.099458733557201e+32,2.099458733546446e+32,-1.075519824531013e+21,2.09945873353569e+32,2.099458733557201e+32,0,-2.785109343065915e+19,-1,12893841.44730273,1,1,1,1,fusion,metastable_moscovium,,1e+18,1000000000000000,200000000000000,0.2,1000000000,100000000,5000,0,0.8,0.05,1.05,0.95,0.8,1,1,1,0,0
50,0.8333349999999999,0,0,6371994.991302296,0,0,-10.56775318204881,994.991302295588,-10.56775318204881,engineered_metric,saucer,0,0,0,0,0,80,80,0,0,-0.9999999986080017,-1.000000002783997,1,1.922962652351515e-16,0,0.8500016999999994,0.8500016994133713,-0,0,2.347460490513348e-17,0.9999999993040009,2.46566447643807e-12,21.36287277007067,4,25.13274122871834,0.9974999999999999,0.9974999999999999,1,20,5,1.005349703977606e-15,4.276982211338556e+27,4.276982211338556e+27,4.276982211328855e+27,1.387778776455294e-15,1.387778776433382e-15,1.898507865803748e-15,2.287085953030399e-15,0.9973340126058389,0.4999999999989492,0,0,0,0,0,0,1.554312229530541e-15,-0,-0,-9.978186113314241,0.5,1.078506214484181e+20,1.078506213733542e+20,71842.94589129933,0,1.078506213733542e+20,-1078325329920,9.991499983e+17,850001700000000,1000000000000000,1.644871756659539e+38,1000000000000000,1,2.46566447643807e-12,2.099458733535502e+32,-1.880703204389919e+19,2.099458733546495e+32,-1.099217363423434e+21,2.099458733557487e+32,2.099458733546495e+32,-1.099217363423434e+21,2.099458733535502e+32,2.099458733557487e+32,0,-1.880788204559919e+19,-1,118704206025.7495,1,1,1,1,fusion,metastable_moscovium,,1e+18,1000000000000000,200000000000000,0.2,1000000000,100000000,5000,0,0.8,0.05,1.05,0.95,0.8,1,1,1,0,0
51,0.8500017,0,0,6371994.813786852,0,0,-10.73405661357517,994.8137868521735,-10.73405661357517,engineered_metric,saucer,0,0,0,0,0,80,80,0,0,-0.9999999986080017,-1.000000002783997,1,1.922962654859251e-16,0,0.8666683999999995,0.86666839940177,-0,0,7.038760318645771e-18,0.9999999993040009,6.463243948851621e-12,21.78175262830735,4,25.13274122871834,0.9974999999999999,0.9974999999999999,1,20,5,1.005349703936388e-15,4.276982211340151e+27,4.276982211340151e+27,4.276982211308984e+27,1.387778776455222e-15,1.387778776434913e-15,1.898507865776787e-15,2.287085925856519e-15,0.9973340126058645,0.500000000003659,0,0,0,0,0,0,1.554312229530501e-15,-0,-0,-9.978185488399905,0.5,1.078506214484181e+20,1.078506213733542e+20,71842.94589129933,0,1.078506213733542e+20,-1078325329920,9.991333316e+17,866668400000000,1000000000000000,2.393860857133876e+37,1000000000000000,1,6.463243948851621e-12,2.099458733535354e+32,-1.487989316883212e+19,2.099458733546535e+32,-1.118119557678523e+21,2.099458733557716e+32,2.099458733546535e+32,-1.118119557678523e+21,2.099458733535354e+32,2.099458733557716e+32,0,-1.488075983723212e+19,-1,549756338178.3799,1,1,1,1,fusion,metastable_moscovium,,1e+18,1000000000000000,200000000000000,0.2,1000000000,100000000,5000,0,0.8,0.05,1.05,0.95,0.8,1,1,1,0,0
52,0.8666684,0,0,6371994.633499688,0,0,-10.9003600614542,994.6334996884689,-10.9003600614542,engineered_metric,saucer,0,0,0,0,0,80,80,0,0,-0.9999999986080015,-1.000000002783997,1,1.922962972144043e-16,16,0.8833350999999994,0.8833350993901686,0,-0,6.179722304753436e-17,0.9999999993040007,5.669699381770451e-11,22.20063248654403,4,25.13274122871834,0.9974999999999999,0.9974999999999999,1,20,5,1.57009248082477e-16,-6192070132436805,-6192070132436805,-2.8323647832209e+17,3.608224823824081e-16,3.885780582621979e-16,5.604513562249505e-16,3.185640024079548e-16,0.999465662892366,0.518518518718918,1,0,1,1,0,0,-2.220446049308582e-16,-0,-0,-9.97818248806802,0.5,1.078506214484181e+20,1.078506213733542e+20,71842.94589129933,-16384,1.078506213733542e+20,-1078325346304,9.991166649e+17,883335100000000,1000000000000000,3.110856192933118e+35,1000000000000000,1,5.669699381770451e-11,1.749548944611154e+32,-3.499097889241994e+31,2.099458733546581e+32,-3.499097889354265e+31,2.449368522482007e+32,2.099458733546581e+32,-3.499097889354265e+31,1.749548944611154e+32,2.449368522482007e+32,0,-3.499097889241994e+31,-1,9172217.97132753,1,1,1,1,fusion,metastable_moscovium,,1e+18,1000000000000000,200000000000000,0.2,1000000000,100000000,5000,0,0.8,0.05,1.05,0.95,0.8,1,1,1,0,0
53,0.8833350999999999,0,0,6371994.450440784,0,0,-11.06666365768165,994.450440783985,-11.06666365768165,engineered_metric,saucer,0,0,0,0,0,80,80,0,0,-0.9999999986080015,-1.000000002783997,1,1.922963548953629e-16,0,0.9000017999999995,0.9000017993785674,0,-0,5.588437115233631e-16,0.9999999993040007,5.868255308261201e-11,22.61951234478071,4,25.13274122871834,0.9974999999999999,0.9974999999999999,1,20,5,1.570094082737712e-16,-5.673065881642226e+16,-5.673065881642226e+16,-2.970039736421658e+17,3.885780580074549e-16,5.551115176881927e-16,3.185630218041236e-16,5.357107712645499e-16,0.9994656628927557,0.5882352947299446,1,0,1,1,0,0,-2.220446049423413e-16,-0,-0,-9.978191499793109,0.5,1.078506214484181e+20,1.078506213733542e+20,71842.94589129933,16384,1.078506213733542e+20,-1078325329920,9.990999982e+17,900001800000000,1000000000000000,2.903902291413278e+35,1000000000000000,1,5.868255308261201e-11,-3.499097889334732e+31,-2.099458733544627e+32,1.140105548163677e+21,-3.499097889448742e+31,3.499097889562752e+31,1.140105548163677e+21,-3.499097889448742e+31,-3.499097889334732e+31,3.499097889562752e+31,0,-2.099458733544627e+32,-1,474566880183.4183,1,1,1,1,fusion,metastable_moscovium,,1e+18,1000000000000000,200000000000000,0.2,1000000000,100000000,5000,0,0.8,0.05,1.05,0.95,0.8,1,1,1,0,0
54,0.9000018,0,0,6371994.26461015,0,0,-11.23296713541466,994.2646101498976,-11.23296713541466,engineered_metric,saucer,0,0,0,0,0,80,80,0,0,-0.9999999986080015,-1.000000002783997,1,1.922962824929468e-16,0,0.9166684999999996,0.9166684993669661,0,-0,1.612131890734796e-16,0.9999999993040007,6.466509211125453e-12,23.03839220301739,4,25.13274122871834,0.9974999999999999,0.9974999999999999,1,20,5,1.570092595284415e-16,-1.657658362302328e+16,-1.657658362302328e+16,-3.31505660777651e+16,3.885780580017598e-16,3.885780579201661e-16,3.185629595686303e-16,6.516371715169262e-16,0.9994656628924126,0.5000000000156885,1,0,1,1,0,0,-2.220446049278842e-16,-0,-0,-9.978188343408954,0.5,1.078506214484181e+20,1.078506213733542e+20,95790.59452173243,0,1.078506213733542e+20,-1078325329920,9.990833315e+17,916668500000000,1000000000000000,2.391443908576479e+37,1000000000000000,1,6.466509211125453e-12,-3.499097889332607e+31,2.124347944230663e+19,1.114434212950632e+21,-3.499097889444051e+31,3.499097889555494e+31,1.114434212950632e+21,-3.499097889444051e+31,-3.499097889332607e+31,3.499097889555494e+31,0,2.124256277380665e+19,0.9999137025599392,70480440.12218158,1,1,1,1,fusion,metastable_moscovium,,1e+18,1000000000000000,200000000000000,0.2,1000000000,100000000,5000,0,0.8,0.05,1.05,0.95,0.8,1,1,1,0,0
55,0.9166685,0,0,6371994.077219306,0,0,-11.2437768524892,994.0772193064913,-11.2437768524892,engineered_metric,saucer,0,0,0,0,0,80,80,0,0,-0.9999999986080015,-1.000000002783997,1,1.922962739540857e-16,0,0.9333351999999996,0.9333351993553649,0,-0,1.100885787949249e-16,0.9999999993040007,2.465709701047996e-12,23.45727206125407,4,25.13274122871834,0.9974999999999999,0.9974999999999999,1,20,5,1.570092523401634e-16,-1.131735338239291e+16,-1.131735338239291e+16,-1.263768934127657e+16,5.551115110780531e-16,3.885780579654084e-16,5.356278166774918e-16,6.516332703170326e-16,0.9999999999999996,0.4117647060388725,1,0,1,1,0,0,-2.22044604926291e-16,-0,-0,-9.9781877176561,0.5,1.078506214484181e+20,1.078506213733542e+20,95790.59452173243,0,1.078506213733542e+20,-1078325329920,9.990666648e+17,933335200000000,1000000000000000,1.644811418655153e+38,1000000000000000,1,2.465709701047996e-12,-3.499097889333823e+31,-1.215971899390034e+19,1.129155932740421e+21,-3.499097889446739e+31,3.499097889559654e+31,1.129155932740421e+21,-3.499097889446739e+31,-3.499097889333823e+31,3.499097889559654e+31,0,-1.216065232910034e+19,-1,132738958319.2104,1,1,1,1,fusion,metastable_moscovium,,1e+18,1000000000000000,200000000000000,0.2,1000000000,100000000,5000,0,0.8,0.05,1.05,0.95,0.8,1,1,1,0,0
56,0.9333351999999999,0,0,6371993.889822642,0,0,-11.24377686099554,993.8898226423189,-11.24377686099554,engineered_metric,saucer,0,0,0,0,0,80,80,0,0,-0.9999999986080015,-1.000000002783997,1,5.519713290104816e-21,0,0.9500018999999997,0.9500018993437637,0,0,8.981618648864604e-17,0.9999999993040007,1.376158168769141e-12,23.87615191949076,4,25.13274122871834,0.9974999999999999,0.9974999999999999,1,20,5,1.570092502490386e-16,-9233276234780710,-9233276234780710,-7053297920184767,5.551115110772054e-16,3.885780579818321e-16,5.356278158628834e-16,6.51632130437201e-16,0.9999999999999993,0.4117647060325369,1,0,1,1,0,0,-2.220446049257037e-16,0,0,-5.141415040709821e-07,0.5,1.078506214484181e+20,1.078506213733542e+20,95790.59452173243,0,1.078506213733542e+20,-1078325329920,9.990499981e+17,950001900000000,1000000000000000,5.280357114310311e+38,1000000000000000,1,1.376158168769141e-12,-3.499097889333869e+31,-4.548635623644201e+17,1.129712175829375e+21,-3.49909788944684e+31,3.499097889559811e+31,1.129712175829375e+21,-3.49909788944684e+31,-3.499097889333869e+31,3.499097889559811e+31,0,-4.558135642644201e+17,-1,59366194546.8879,1,1,1,1,fusion,metastable_moscovium,,1e+18,1000000000000000,200000000000000,0.2,1000000000,100000000,5000,0,0.8,0.05,1.05,0.95,0.8,1,1,1,0,0
57,0.9500019,0,0,6371993.702425978,0,0,-11.2437768660617,993.7024259781465,-11.2437768660617,engineered_metric,saucer,0,0,0,0,0,80,80,0,0,-0.9999999986080015,-1.000000002783997,1,4.813774552659583e-21,0,0.9666685999999998,0.9666685993321624,0,0,7.832925059766182e-17,0.9999999993040007,9.412356079086234e-13,24.29503177772744,4,25.13274122871834,0.9974999999999999,0.9974999999999999,1,20,5,1.570092492518868e-16,-8052345433429507,-8052345433429507,-4824200541530102,5.551115110763824e-16,3.885780579849128e-16,5.356278154738745e-16,3.185646797694873e-16,0.9999999999999996,0.4117647060371764,1,1,1,1,1,1,2.22044604924672e-16,0,0,-3.36275880812714e-07,0.5,1.078506214484181e+20,1.078506213733542e+20,95790.59452173243,0,1.078506213733542e+20,-1078325329920,9.990333314e+17,966668600000000,1000000000000000,1.128764397327256e+39,1000000000000000,1,9.412356079086234e-13,3.499097889146751e+31,6.99819577848062e+31,3.499097889312845e+31,-1.660934127854203e+21,3.499097889478939e+31,3.499097889312845e+31,-1.660934127854203e+21,3.499097889146751e+31,3.499097889478939e+31,0,6.99819577848062e+31,1,59341030598.95502,1,1,1,1,fusion,metastable_moscovium,,1e+18,1000000000000000,200000000000000,0.2,1000000000,100000000,5000,0,0.8,0.05,1.05,0.95,0.8,1,1,1,0,0
58,0.9666686,0,0,6371993.515029314,0,0,-11.24377686875805,993.5150293139741,-11.24377686875805,engineered_metric,saucer,0,0,0,0,0,80,80,0,0,-0.9999999986080015,-1.000000002783997,1,4.327672875826667e-21,0,0.9833352999999999,0.9833352993205612,0,0,7.041946351112217e-17,0.9999999993040007,7.381140272799072e-13,24.71391163596412,4,25.13274122871834,0.9974999999999999,0.9974999999999999,1,20,5,1.570092486450549e-16,-7239150023789762,-7239150023789762,-3783099742134412,3.885780580005721e-16,3.608224823274482e-16,3.185629550384508e-16,5.604527508286972e-16,0.9994656628923698,0.4814814814907111,1,1,1,1,1,1,2.220446049248771e-16,0,0,-2.060514800554234e-07,0.5,1.078506214484181e+20,1.078506213733542e+20,95790.59452173243,0,1.078506213733542e+20,-1078325329920,9.990166647e+17,983335300000000,1000000000000000,1.835494478200748e+39,1000000000000000,1,7.381140272799072e-13,3.499097889146759e+31,8.106479329266893e+16,3.499097889312839e+31,-1.660798267586019e+21,3.499097889478919e+31,3.499097889312839e+31,-1.660798267586019e+21,3.499097889146759e+31,3.499097889478919e+31,0,8.008145799266893e+16,0.9760302808396324,118703579525.1756,1,1,1,1,fusion,metastable_moscovium,,1e+18,1000000000000000,200000000000000,0.2,1000000000,100000000,5000,0,0.8,0.05,1.05,0.95,0.8,1,1,1,0,0
59,0.9833353,0,0,6371993.32763265,0,0,-11.24377686958983,993.3276326498017,-11.24377686958982,engineered_metric,saucer,0,0,0,0,0,80,80,0,0,-0.9999999986080015,-1.000000002783997,1,3.945316193199327e-21,0,1.000002,1.00000199930896,0,0,6.419779621858084e-17,0.9999999993040007,6.438196347985488e-13,25.1327914942008,4,25.13274122871834,0.9974999999999999,0.9974999999999999,1,20,5,1.570092482130865e-16,-6599673514960074,-6599673514960074,-3299814501419144,3.885780580006331e-16,3.885780580006306e-16,3.185629548513288e-16,6.51631020641489e-16,0.99946566289237,0.4999999999999984,1,1,1,1,1,1,2.220446049250313e-16,0,0,-9.836194092673275e-08,0.5,1.078506214484181e+20,1.078506213733542e+20,95790.59452173243,0,1.078506213733542e+20,-1078325329920,9.98999998e+17,1000002000000000,1000000000000000,2.412523571098275e+39,1000000000000000,1,6.438196347985488e-13,-9.346743833874169e+20,-3.499097889240227e+31,3.499097889312837e+31,-3.499097889406305e+31,6.998195778719142e+31,3.499097889312837e+31,-3.499097889406305e+31,-9.346743833874169e+20,6.998195778719142e+31,0,-3.499097889240227e+31,-1,59353596020.47438,1,1,1,1,fusion,metastable_moscovium,,1e+18,1000000000000000,200000000000000,0.2,1000000000,100000000,5000,0,0.8,0.05,1.05,0.95,0.8,1,1,1,0,0
60,1.000002,0,0,6371993.139985698,0,0,-11.31445602531779,993.1399856982753,-11.31445602531779,engineered_metric,saucer,0,0,0,0,0,80,80,0,0,-0.9999999986080015,-1.000000002783997,1,1.92296268379176e-16,0,1.0166687,1.016668699297359,0,0,5.876686880568496e-17,0.9999999993040007,6.159884855434632e-13,25.55167135243748,4,25.13274122871834,0.9974999999999999,0.9974999999999999,1,20,5,1.570092478679891e-16,-6078135316337257,-6078135316337257,-3176437804793478,3.608224823850551e-16,3.885780579970321e-16,2.828956000051094e-16,6.516308327769567e-16,0.9994656628923698,0.5185185185470002,1,1,1,1,1,1,2.220446049251602e-16,-0,-0,1.163191350043212e-11,0.5,1.078506214484181e+20,1.078506213733542e+20,95790.59452173243,0,1.078506213733542e+20,-1078325329920,9.989833313e+17,1016668700000000,1000000000000000,2.635450185653614e+39,1000000000000000,1,6.159884855434632e-13,-9.34693264084611e+20,-1.888069719411917e+16,3.499097889312834e+31,-3.499097889406303e+31,6.998195778719137e+31,3.499097889312834e+31,-3.499097889406303e+31,-9.34693264084611e+20,6.998195778719137e+31,0,-1.989736589411917e+16,-1,59374567680.53999,1,1,1,1,fusion,metastable_moscovium,,1e+18,1000000000000000,200000000000000,0.2,1000000000,100000000,5000,0,0.8,0.05,1.05,0.95,0.8,1,1,1,0,0
61,1.0166687,0,0,6371992.950025183,0,0,-11.48075947082937,992.9500251831487,-11.48075947082937,engineered_metric,saucer,0,0,0,0,0,80,80,0,0,-0.9999999986080015,-1.000000002783997,1,1.922962680955584e-16,0,1.0333354,1.033335399285757,0,0,5.357722881133128e-17,0.9999999993040007,6.438344687367181e-13,25.97055121067417,4,25.13274122871834,0.9974999999999999,0.9974999999999999,1,20,5,1.570092475622535e-16,-5613082660908251,-5613082660908251,-3362972185989198,3.885780580009895e-16,3.885780579937615e-16,5.961187107277409e-16,6.516306687764325e-16,0.9994656628923745,0.4999999999996703,1,1,1,1,1,1,2.220446049252805e-16,-0,-0,-9.97818681707105,0.5,1.078506214484181e+20,1.078506213733542e+20,95790.59452173243,0,1.078506213733542e+20,-1078325329920,9.989666646e+17,1033335400000000,1000000000000000,2.412412403352667e+39,1000000000000000,1,6.438344687367181e-13,-9.405894311138474e+20,-5.896167029236433e+18,3.49909788931329e+31,-3.499097889407349e+31,6.998195778720639e+31,3.49909788931329e+31,-3.499097889407349e+31,-9.405894311138474e+20,6.998195778720639e+31,0,-5.897200364636432e+18,-1,15266868.42316782,1,1,1,1,fusion,metastable_moscovium,,1e+18,1000000000000000,200000000000000,0.2,1000000000,100000000,5000,0,0.8,0.05,1.05,0.95,0.8,1,1,1,0,0
62,1.0333354,0,0,6371992.757292938,0,0,-11.64706291471991,992.7572929384187,-11.64706291471991,engineered_metric,saucer,0,0,0,0,0,80,80,0,0,-0.9999999986080015,-1.000000002783997,1,1.922962674037388e-16,0,1.0500021,1.050002099274156,0,0,4.817271564319102e-17,0.9999999993040007,7.381539139592231e-13,26.38943106891085,4,25.13274122871834,0.9974999999999999,0.9974999999999999,1,20,5,1.570092472747733e-16,-5109241453425380,-5109241453425380,-3903307349092119,3.885780580011588e-16,3.885780579905573e-16,5.961187106045165e-16,6.516305140880366e-16,0.9994656628923749,0.5000000000022133,1,1,1,1,1,1,2.220446049254023e-16,-0,-0,-9.97818670937621,0.5,1.078506214484181e+20,1.078506213733542e+20,95790.59452173243,0,1.078506213733542e+20,-1078325329920,9.989499979e+17,1050002100000000,1000000000000000,1.83529611902327e+39,1000000000000000,1,7.381539139592231e-13,-9.544399739901344e+20,-1.385054287628704e+19,3.499097889314366e+31,-3.499097889409811e+31,6.998195778724177e+31,3.499097889314366e+31,-3.499097889409811e+31,-9.544399739901344e+20,6.998195778724177e+31,0,-1.385159287838704e+19,-1,356119675037.2382,1,1,1,1,fusion,metastable_moscovium,,1e+18,1000000000000000,200000000000000,0.2,1000000000,100000000,5000,0,0.8,0.05,1.05,0.95,0.8,1,1,1,0,0
63,1.0500021,0,0,6371992.561788963,0,0,-11.81336635676514,992.561788963154,-11.81336635676514,engineered_metric,saucer,0,0,0,0,0,80,80,0,0,-0.9999999986080013,-1.000000002783997,1,1.922962665671046e-16,0,1.0666688,1.066668799262555,-0,0,4.202342828754609e-17,0.9999999993040006,9.413262244949921e-13,26.80831092714753,4,25.13274122871834,0.9974999999999999,0.9974999999999999,1,20,5,1.005349704072505e-15,-4.27698221134536e+27,-4.27698221134536e+27,-4.276982211345886e+27,1.387778776454045e-15,1.387778776432897e-15,1.842996714647398e-15,1.842996822060665e-15,0.9973340126058234,0.5000000000004,1,1,1,1,1,1,-1.554312229529345e-15,-0,-0,-9.978186579138235,0.5,1.078506214484181e+20,1.078506213733542e+20,95790.59452173243,16384,1.078506213733542e+20,-1078325313536,9.989333312e+17,1066668800000000,1000000000000000,1.128547087215996e+39,1000000000000000,1,9.413262244949921e-13,-3.499097889337135e+31,-3.499097889241691e+31,1.17003182600593e+21,-3.499097889454138e+31,3.499097889571141e+31,1.17003182600593e+21,-3.499097889454138e+31,-3.499097889337135e+31,3.499097889571141e+31,0,-3.499097889241691e+31,-1,118710250593.0809,1,1,1,1,fusion,metastable_moscovium,,1e+18,1000000000000000,200000000000000,0.2,1000000000,100000000,5000,0,0.8,0.05,1.05,0.95,0.8,1,1,1,0,0
64,1.0666688,0,0,6371992.363513262,0,0,-11.97966979649338,992.3635132620111,-11.97966979649338,engineered_metric,saucer,0,0,0,0,0,80,80,0,0,-0.9999999986080013,-1.000000002783997,1,1.92296265864251e-16,0,1.0833355,1.083335499250953,-0,0,3.430706799534899e-17,0.9999999993040006,1.376351432838429e-12,27.22719078538421,4,25.13274122871834,0.9974999999999999,0.9974999999999999,1,20,5,1.00534970402519e-15,-4.276982211344575e+27,-4.276982211344575e+27,-4.276982211348302e+27,1.387778776453987e-15,1.221245323149972e-15,1.84299671461196e-15,1.95899884349304e-15,0.9973340126058234,0.4680851063892267,1,1,1,1,1,1,-1.554312229529199e-15,-0,-0,-9.978186401249244,0.5,1.078506214484181e+20,1.078506213733542e+20,95790.59452173243,0,1.078506213733542e+20,-1078325313536,9.989166645e+17,1083335500000000,1000000000000000,5.278874307476959e+38,1000000000000000,1,1.376351432838429e-12,-1.74954894462997e+32,-1.399639155696257e+32,3.499097889157877e+31,-2.099458733545758e+32,2.449368522461545e+32,3.499097889157877e+31,-2.099458733545758e+32,-1.74954894462997e+32,2.449368522461545e+32,0,-1.399639155696257e+32,-1,712252504194.8265,1,1,1,1,fusion,metastable_moscovium,,1e+18,1000000000000000,200000000000000,0.2,1000000000,100000000,5000,0,0.8,0.05,1.05,0.95,0.8,1,1,1,0,0
65,1.0833355,0,0,6371992.162465282,0,0,-12.16509842372466,992.1624652817845,-12.16509842372466,engineered_metric,saucer,0,0,0,0,0,80,80,0,0,-0.9999999986080013,-1.000000002783997,1,1.236292035674199e-15,0,1.1000022,1.100002199239352,-0,0,2.347971468525828e-17,0.9999999993040006,2.466305956411464e-12,27.6460706436209,4,25.13274122871834,0.9974999999999999,0.9974999999999999,1,20,5,1.005349703975367e-15,-4.276982211343429e+27,-4.276982211343429e+27,-4.276982211354381e+27,1.387778776453925e-15,1.387778776475012e-15,1.842996714574317e-15,2.287085952946995e-15,0.9973340126058234,0.4999999999989889,1,1,1,1,1,1,-1.554312229529046e-15,-0,-0,-9.978186113111368,0.5,1.078506214484181e+20,1.078506213733542e+20,95790.59452173243,0,1.078506213733542e+20,-1078325313536,9.988999978e+17,1100002200000000,1000000000000000,1.644016213926303e+38,1000000000000000,1,2.466305956411464e-12,-1.749548944630114e+32,-1.433946121354766e+19,3.499097889156675e+31,-2.099458733545781e+32,2.449368522461448e+32,3.499097889156675e+31,-2.099458733545781e+32,-1.749548944630114e+32,2.449368522461448e+32,0,-1.434056121574766e+19,-1,8176422.630112077,1,1,1,1,fusion,metastable_moscovium,,1e+18,1000000000000000,200000000000000,0.2,1000000000,100000000,5000,0,0.8,0.05,1.05,0.95,0.8,1,1,1,0,0
66,1.1000022,0,0,6371991.956941505,0,0,-12.49770530309776,991.9569415049627,-12.49770530309776,engineered_metric,saucer,0,0,0,0,0,80,80,0,0,-0.9999999986080013,-1.000000002783997,1,1.236292035751899e-15,16,1.116668900000001,1.11666889922775,-0,0,7.045469041627535e-18,0.9999999993040006,6.470204104600124e-12,28.06495050185758,4,25.13274122871834,0.9974999999999999,0.9974999999999999,1,20,5,1.005349703935759e-15,-4.276982211341638e+27,-4.276982211341638e+27,-4.276982211377206e+27,1.22124532337761e-15,1.387778776473495e-15,1.958998761620907e-15,2.287085925821843e-15,0.9968025200152546,0.5319148936005205,1,1,1,1,1,1,-1.554312229529088e-15,-0,-0,-19.95637240234518,0.5,1.078506214484181e+20,1.078506213733542e+20,95790.59452173243,0,1.078506213733542e+20,-1078325313536,9.988833311e+17,1116668900000000,1000000000000000,2.388713358702964e+37,1000000000000000,1,6.470204104600124e-12,-1.749548944630286e+32,-1.72938225691027e+19,3.499097889155214e+31,-2.099458733545808e+32,2.449368522461329e+32,3.499097889155214e+31,-2.099458733545808e+32,-1.749548944630286e+32,2.449368522461329e+32,0,-1.72949392380027e+19,-1,712261104044.4315,1,1,1,1,fusion,metastable_moscovium,,1e+18,1000000000000000,200000000000000,0.2,1000000000,100000000,5000,0,0.8,0.05,1.05,0.95,0.8,1,1,1,0,0
67,1.1166689,0,0,6371991.745874268,0,0,-12.83031219884509,991.7458742680028,-12.83031219884509,engineered_metric,saucer,0,0,0,0,0,80,80,0,0,-0.9999999986080013,-1.000000002783997,1,1.236292045660435e-15,16,1.133335600000001,1.133335599216149,0,-0,6.208390742414669e-17,0.9999999993040006,5.695346380750547e-11,28.48383036009426,4,25.13274122871834,0.9974999999999999,0.9974999999999999,1,20,5,1.005349704234092e-15,-4.276982211347999e+27,-4.276982211347999e+27,-4.276982211668074e+27,1.221245323387821e-15,1.387778776284902e-15,1.958998761919821e-15,2.287086131561542e-15,0.9968025200152505,0.5319148935646032,1,1,1,1,1,1,-1.554312229536701e-15,-0,-0,-19.956369383761,0.5,1.078506214484181e+20,1.078506213733542e+20,95790.59452173243,0,1.078506213733542e+20,-1078325313536,9.988666644e+17,1133335600000000,1000000000000000,3.082901971945141e+35,1000000000000000,1,5.695346380750547e-11,-1.749548944630635e+32,-3.483984671733816e+19,3.499097889152293e+31,-2.099458733545864e+32,2.449368522461094e+32,3.499097889152293e+31,-2.099458733545864e+32,-1.749548944630635e+32,2.449368522461094e+32,0,-3.484098005293816e+19,-1,949666658379.2701,1,1,1,1,fusion,metastable_moscovium,,1e+18,1000000000000000,200000000000000,0.2,1000000000,100000000,5000,0,0.8,0.05,1.05,0.95,0.8,1,1,1,0,0
68,1.1333356,0,0,6371991.529263571,0,0,-13.16291923852101,991.5292635709047,-13.16291923852101,engineered_metric,saucer,0,0,0,0,0,80,80,0,0,-0.9999999986080008,-1.000000002783999,1,1.236292062486005e-15,0,1.150002300000001,1.150002299204548,0,-0,5.422167604448978e-16,0.9999999993040004,5.693468105351561e-11,28.90271021833094,4,25.13274122871834,0.9974999999999999,0.9974999999999999,1,20,5,1.005349726597715e-15,4.276982211277002e+27,4.276982211277002e+27,4.276982211006625e+27,1.38777877644627e-15,1.387778775662576e-15,1.842996730016419e-15,1.843012593705583e-15,0.9973340126062642,0.4999999999624434,0,0,0,0,0,0,1.554312229509965e-15,-0,-0,-19.956378278968,0.5,1.078506214484181e+20,1.078506213733542e+20,119738.2431521655,-16384,1.078506213733542e+20,-1078325329920,9.988499977e+17,1150002300000000,1000000000000000,3.084936406484427e+35,1000000000000000,1,5.693468105351561e-11,-1.749548944630922e+32,-2.871495122411428e+19,3.499097889149885e+31,-2.099458733545911e+32,2.449368522460899e+32,3.499097889149885e+31,-2.099458733545911e+32,-1.749548944630922e+32,2.449368522460899e+32,0,-2.871610122641428e+19,-1,204337764.5029953,1,1,1,1,fusion,metastable_moscovium,,1e+18,1000000000000000,200000000000000,0.2,1000000000,100000000,5000,0,0.8,0.05,1.05,0.95,0.8,1,1,1,0,0
69,1.1500023,0,0,6371991.307109413,0,0,-13.49552616411215,991.3071094127372,-13.49552616411215,engineered_metric,saucer,0,0,0,0,0,80,80,0,0,-0.9999999986080008,-1.000000002783999,1,1.236292041020512e-15,0,1.166669000000001,1.166668999192946,0,-0,1.611836707798465e-16,0.9999999993040004,6.46521865414821e-12,29.32159007656762,4,25.13274122871834,0.9974999999999999,0.9974999999999999,1,20,5,1.005349705918066e-15,4.276982211321467e+27,4.276982211321467e+27,4.276982211302093e+27,1.387778776452872e-15,1.360023200918491e-15,1.842996715905267e-15,2.251419975931353e-15,0.9973340126058742,0.494949494929126,0,0,0,0,0,0,1.554312229526434e-15,-0,-0,-19.95637525860596,0.5,1.078506214484181e+20,1.078506213733542e+20,119738.2431521655,0,1.078506213733542e+20,-1078325329920,9.98833331e+17,1166669000000000,1000000000000000,2.392398741760917e+37,1000000000000000,1,6.46521865414821e-12,2.099458733533184e+32,3.849007678164106e+32,2.099458733547119e+32,-1.39355671973179e+21,2.099458733561055e+32,2.099458733547119e+32,-1.39355671973179e+21,2.099458733533184e+32,2.099458733561055e+32,0,3.849007678164106e+32,1,726444406407.6464,1,1,1,1,fusion,metastable_moscovium,,1e+18,1000000000000000,200000000000000,0.2,1000000000,100000000,5000,0,0.8,0.05,1.05,0.95,0.8,1,1,1,0,0
70,1.166669,0,0,6371991.079876062,0,0,-13.7308454194325,991.0798760615289,-13.7308454194325,engineered_metric,saucer,0,0,0,0,0,80,80,0,0,-0.9999999986080008,-1.000000002783999,1,1.236292038516766e-15,16,1.183335700000001,1.183335699181345,0,-0,1.100990432583681e-16,0.9999999993040004,2.46592398362753e-12,29.74046993480431,4,25.13274122871834,0.9974999999999999,0.9974999999999999,1,20,5,1.005349704851794e-15,4.276982211327426e+27,4.276982211327426e+27,4.27698221132586e+27,1.387778776452285e-15,1.387778776489192e-15,1.898507866407058e-15,2.28708657726633e-15,0.9973340126058435,0.5000000000006984,0,0,0,0,0,0,1.554312229528315e-15,-0,-0,-19.95637463318906,0.5,1.078506214484181e+20,1.078506213733542e+20,119738.2431521655,0,1.078506213733542e+20,-1078325329920,9.988166643e+17,1183335700000000,1000000000000000,1.644525571141382e+38,1000000000000000,1,2.46592398362753e-12,2.099458733532923e+32,-2.604882024471095e+19,2.099458733547189e+32,-1.426596483173082e+21,2.099458733561455e+32,2.099458733547189e+32,-1.426596483173082e+21,2.099458733532923e+32,2.099458733561455e+32,0,-2.605000358041095e+19,-1,118712296630.3465,1,1,1,1,fusion,metastable_moscovium,,1e+18,1000000000000000,200000000000000,0.2,1000000000,100000000,5000,0,0.8,0.05,1.05,0.95,0.8,1,1,1,0,0
71,1.1833357,0,0,6371990.849642315,0,0,-13.89714887580334,990.8496423149481,-13.89714887580334,engineered_metric,saucer,0,0,0,0,0,80,80,0,0,-0.9999999986080008,-1.000000002783999,1,1.922962720550524e-16,16,1.200002400000001,1.200002399169744,0,0,8.982377205525319e-17,0.9999999993040004,1.376270426770966e-12,30.15934979304098,4,25.13274122871834,0.9974999999999999,0.9974999999999999,1,20,5,1.005349704541612e-15,4.276982211329788e+27,4.276982211329788e+27,4.276982211332398e+27,1.387778776453193e-15,1.387778776472885e-15,1.898507866194823e-15,2.287086358438578e-15,0.9973340126058344,0.4999999999988474,0,0,0,0,0,0,1.554312229529017e-15,-0,-0,-9.97818742964156,0.5,1.078506214484181e+20,1.078506213733542e+20,119738.2431521655,0,1.078506213733542e+20,-1078325329920,9.987999976e+17,1200002400000000,1000000000000000,5.279495745567399e+38,1000000000000000,1,1.376270426770966e-12,2.099458733532731e+32,-1.920334881110779e+19,2.099458733547239e+32,-1.450770655165352e+21,2.099458733561747e+32,2.099458733547239e+32,-1.450770655165352e+21,2.099458733532731e+32,2.099458733561747e+32,0,-1.92045488135078e+19,-1,40285381.33653778,1,1,1,1,fusion,metastable_moscovium,,1e+18,1000000000000000,200000000000000,0.2,1000000000,100000000,5000,0,0.8,0.05,1.05,0.95,0.8,1,1,1,0,0
72,1.2000024,0,0,6371990.616636839,0,0,-14.06345232873368,990.616636838764,-14.06345232873368,engineered_metric,saucer,0,0,0,0,0,80,80,0,0,-0.9999999986080006,-1.000000002783999,1,1.922962708879394e-16,16,1.216669100000001,1.216669099158142,0,0,7.833525163368615e-17,0.9999999993040003,9.413087165590942e-13,30.57822965127767,4,25.13274122871834,0.9974999999999999,0.9974999999999999,1,20,5,1.570092490446781e-16,-9735556865701696,-9735556865701696,-5832553979969261,3.885780580005295e-16,3.885780580176436e-16,5.961187113807183e-16,3.185646373889187e-16,0.99946566289237,0.499999999999226,1,0,1,1,0,0,-2.220446049254783e-16,-0,-0,-9.978187251758087,0.5,1.078506214484181e+20,1.078506213733542e+20,119738.2431521655,0,1.078506213733542e+20,-1078325329920,9.987833309e+17,1216669100000000,1000000000000000,1.128589068583986e+39,1000000000000000,1,9.413087165590942e-13,2.099458733532595e+32,-1.361888527316838e+19,2.099458733547275e+32,-1.468044901335309e+21,2.099458733561956e+32,2.099458733547275e+32,-1.468044901335309e+21,2.099458733532595e+32,2.099458733561956e+32,0,-1.362010194226838e+19,-1,15115366.30191603,1,1,1,1,fusion,metastable_moscovium,,1e+18,1000000000000000,200000000000000,0.2,1000000000,100000000,5000,0,0.8,0.05,1.05,0.95,0.8,1,1,1,0,0
73,1.2166691,0,0,6371990.380859632,0,0,-14.22975577929402,990.380859632045,-14.22975577929402,engineered_metric,saucer,0,0,0,0,0,80,80,0,0,-0.9999999986080006,-1.000000002783999,1,1.922962700513195e-16,-16,1.233335800000001,1.233335799146541,0,0,7.042452946404819e-17,0.9999999993040003,7.381703691023995e-13,30.99710950951435,4,25.13274122871834,0.9974999999999999,0.9974999999999999,1,20,5,1.570092484676103e-16,-8837800833300310,-8837800833300310,-4618501611426104,3.885780580007115e-16,5.551115111339517e-16,3.18562954974257e-16,5.356291320023378e-16,0.999465662892376,0.5882352939886502,1,0,1,1,0,0,-2.220446049252254e-16,-0,-0,-9.978187121522321,0.5,1.078506214484181e+20,1.078506213733542e+20,119738.2431521655,16384,1.078506213733542e+20,-1078325313536,9.987666642e+17,1233335800000000,1000000000000000,1.835214295842425e+39,1000000000000000,1,7.381703691023995e-13,-3.49909788935731e+31,-2.449368522468326e+32,1.412744172139884e+21,-3.499097889498584e+31,3.499097889639859e+31,1.412744172139884e+21,-3.499097889498584e+31,-3.49909788935731e+31,3.499097889639859e+31,0,-2.449368522468326e+32,-1,59366178838.51949,1,1,1,1,fusion,metastable_moscovium,,1e+18,1000000000000000,200000000000000,0.2,1000000000,100000000,5000,0,0.8,0.05,1.05,0.95,0.8,1,1,1,0,0
74,1.2333358,0,0,6371990.142358093,0,0,-14.3652928191551,990.1423580925912,-14.3652928191551,engineered_metric,saucer,0,0,0,0,0,80,80,0,0,-0.9999999986080006,-1.000000002783999,1,1.922962693594743e-16,-16,1.250002500000001,1.25000249913494,0,0,6.420180404268361e-17,0.9999999993040003,6.43864634437903e-13,31.41598936775103,4,25.13274122871834,0.9974999999999999,0.9974999999999999,1,20,5,1.57009248057462e-16,-8117420883524804,-8117420883524804,-4058651090716666,3.885780580006331e-16,3.885780580006315e-16,3.185629547966174e-16,6.516310212450127e-16,0.9994656628923756,0.4999999999999983,1,0,1,1,0,0,-2.220446049250313e-16,-0,-0,-9.978187013823501,0.5,1.078506214484181e+20,1.078506213733542e+20,143685.8917825987,0,1.078506213733542e+20,-1078325313536,9.987499975e+17,1250002500000000,1000000000000000,2.412186360786951e+39,1000000000000000,1,6.43864634437903e-13,-3.499097889358689e+31,-1.379452565863583e+19,1.429384938495225e+21,-3.499097889501628e+31,3.499097889644566e+31,1.429384938495225e+21,-3.499097889501628e+31,-3.499097889358689e+31,3.499097889644566e+31,0,-1.379577566113581e+19,-0.9999999999999977,30476341.47479672,1,1,1,1,fusion,metastable_moscovium,,1e+18,1000000000000000,200000000000000,0.2,1000000000,100000000,5000,0,0.8,0.05,1.05,0.95,0.8,1,1,1,0,0
75,1.2500025,0,0,6371989.902936063,0,0,-14.36529281835881,989.9029360627756,-14.36529281835881,engineered_metric,saucer,0,0,0,0,0,80,80,0,0,-0.9999999986080006,-1.000000002783999,1,4.617248104824269e-21,-16,1.266669200000001,1.266669199123338,0,0,5.877052174113754e-17,0.9999999993040003,6.160330807732924e-13,31.83486922598771,4,25.13274122871834,0.9974999999999999,0.9974999999999999,1,20,5,1.570092477358159e-16,-7425636392639228,-7425636392639228,-3880609508520316,5.551115110760302e-16,3.885780580041927e-16,5.35627814912764e-16,6.516308333148195e-16,0.9999999999999993,0.4117647060385168,1,0,1,1,0,0,-2.220446049248667e-16,-0,-0,1.453989187554013e-11,0.5,1.078506214484181e+20,1.078506213733542e+20,143685.8917825987,0,1.078506213733542e+20,-1078325313536,9.987333308e+17,1266669200000000,1000000000000000,2.63506863389479e+39,1000000000000000,1,6.160330807732924e-13,-3.499097889359813e+31,-1.123648107028939e+19,1.442983895017635e+21,-3.499097889504112e+31,3.49909788964841e+31,1.442983895017635e+21,-3.499097889504112e+31,-3.499097889359813e+31,3.49909788964841e+31,0,-1.123774773948939e+19,-1,118724120769.3514,1,1,1,1,fusion,metastable_moscovium,,1e+18,1000000000000000,200000000000000,0.2,1000000000,100000000,5000,0,0.8,0.05,1.05,0.95,0.8,1,1,1,0,0
76,1.2666692,0,0,6371989.663514033,0,0,-14.36529281600635,989.6635140329599,-14.36529281600634,engineered_metric,saucer,0,0,0,0,0,80,80,0,0,-0.9999999986080006,-1.000000002783999,1,4.209511689078013e-21,-16,1.283335900000002,1.283335899111737,0,0,5.358065476824413e-17,0.9999999993040003,6.438838960014567e-13,32.2537490842244,4,25.13274122871834,0.9974999999999999,0.9974999999999999,1,20,5,2.074608452323005e-20,-6769898372890471,-6769898372890471,-4056059360277732,3.885856919216718e-16,2.223343448631557e-16,2.513482381208751e-16,3.67749305594373e-16,0.9999999999999996,0.3636366085280662,1,1,1,1,1,1,3.142624660428221e-28,-0,-0,9.839675247433626e-08,0.5,1.078506214484181e+20,1.078506213733542e+20,143685.8917825987,0,1.078506213733542e+20,-1078325313536,9.987166641e+17,1283335900000000,1000000000000000,2.412042043507933e+39,1000000000000000,1,6.438838960014567e-13,-3.499097889359814e+31,-1.351079888211149e+16,1.44300480511791e+21,-3.499097889504115e+31,3.499097889648415e+31,1.44300480511791e+21,-3.499097889504115e+31,-3.499097889359814e+31,3.499097889648415e+31,0,-1.479413478211149e+16,-1,7820323.09676569,1,1,1,1,fusion,metastable_moscovium,,1e+18,1000000000000000,200000000000000,0.2,1000000000,100000000,5000,0,0.8,0.05,1.05,0.95,0.8,1,1,1,0,0
77,1.2833359,0,0,6371989.424092003,0,0,-14.3652928120327,989.4240920031443,-14.3652928120327,engineered_metric,saucer,0,0,0,0,0,80,80,0,0,-0.9999999986080006,-1.000000002783999,1,3.784887990533858e-21,-16,1.300002600000002,1.300002599100136,0,0,4.81758345557434e-17,0.9999999993040003,7.382134862039897e-13,32.67262894246108,4,25.13274122871834,0.9974999999999999,0.9974999999999999,1,20,5,1.570092471953107e-16,-6087001094542120,-6087001094542120,-4650290674780660,3.885780580008192e-16,3.88578058135646e-16,3.185629544360382e-16,5.961193632786503e-16,0.9994656628923698,0.500000000028177,1,1,1,1,1,1,2.220446049254924e-16,-0,-0,2.061002299588042e-07,0.5,1.078506214484181e+20,1.078506213733542e+20,143685.8917825987,0,1.078506213733542e+20,-1078325313536,9.986999974e+17,1300002600000000,1000000000000000,1.834999922055301e+39,1000000000000000,1,7.382134862039897e-13,3.499097889120778e+31,6.998195778480592e+31,3.499097889332983e+31,-2.122050890256028e+21,3.499097889545188e+31,3.499097889332983e+31,-2.122050890256028e+21,3.499097889120778e+31,3.499097889545188e+31,0,6.998195778480592e+31,1,3011504.171799359,1,1,1,1,fusion,metastable_moscovium,,1e+18,1000000000000000,200000000000000,0.2,1000000000,100000000,5000,0,0.8,0.05,1.05,0.95,0.8,1,1,1,0,0
78,1.3000026,0,0,6371989.184669973,0,0,-14.36529280621353,989.1846699733287,-14.36529280621353,engineered_metric,saucer,0,0,0,0,0,80,80,0,0,-0.9999999986080006,-1.000000002783999,1,3.301788323554416e-21,-16,1.316669300000002,1.316669299088534,-0,0,4.202669788481571e-17,0.9999999993040003,9.414186529460305e-13,33.09150880069776,4,25.13274122871834,0.9974999999999999,0.9974999999999999,1,20,5,1.570092469306098e-16,-5310059665387392,-5310059665387392,-5930361507441146,3.885780580008814e-16,3.885780579873228e-16,3.185629543152132e-16,6.516303583054482e-16,0.99946566289237,0.5000000000009154,1,1,1,1,1,1,2.220446049256462e-16,-0,-0,3.363536672955956e-07,0.5,1.078506214484181e+20,1.078506213733542e+20,143685.8917825987,0,1.078506213733542e+20,-1078325313536,9.986833307e+17,1316669300000000,1000000000000000,1.128325496665821e+39,1000000000000000,1,9.414186529460305e-13,-1.194636759101052e+21,-3.499097889240242e+31,3.499097889332993e+31,-3.499097889452457e+31,6.998195778785449e+31,3.499097889332993e+31,-3.499097889452457e+31,-1.194636759101052e+21,6.998195778785449e+31,0,-3.499097889240242e+31,-1,59349401661.42314,1,1,1,1,fusion,metastable_moscovium,,1e+18,1000000000000000,200000000000000,0.2,1000000000,100000000,5000,0,0.8,0.05,1.05,0.95,0.8,1,1,1,0,0
79,1.3166693,0,0,6371988.944186926,0,0,-14.51080835651908,988.9441869258881,-14.51080835651908,engineered_metric,saucer,0,0,0,0,0,80,80,0,0,-0.9999999986080006,-1.000000002783999,1,1.922962658700278e-16,-16,1.333336000000002,1.333335999076933,-0,0,3.431066105184122e-17,0.9999999993040003,1.376534052021135e-12,33.51038865893445,4,25.13274122871834,0.9974999999999999,0.9974999999999999,1,20,5,1.570092466486454e-16,-4375705562889753,-4375705562889753,-8752352907917762,3.885780580016063e-16,3.885780579836903e-16,5.961187103442618e-16,6.516301925370509e-16,0.9994656628923815,0.5000000000034416,1,1,1,1,1,1,2.220446049258177e-16,-0,-0,5.142758216534756e-07,0.5,1.078506214484181e+20,1.078506213733542e+20,143685.8917825987,0,1.078506213733542e+20,-1078325313536,9.98666664e+17,1333336000000000,1000000000000000,5.277473746751755e+38,1000000000000000,1,1.376534052021135e-12,-1.194935728604313e+21,-2.989695032612618e+17,3.499097889333012e+31,-3.499097889452506e+31,6.998195778785518e+31,3.499097889333012e+31,-3.499097889452506e+31,-1.194935728604313e+21,6.998195778785518e+31,0,-3.003028392612618e+17,-1,59366183213.33197,1,1,1,1,fusion,metastable_moscovium,,1e+18,1000000000000000,200000000000000,0.2,1000000000,100000000,5000,0,0.8,0.05,1.05,0.95,0.8,1,1,1,0,0
80,1.333336,0,0,6371988.700953769,0,0,-14.67711179298961,988.7009537685663,-14.67711179298961,engineered_metric,saucer,0,0,0,0,0,80,80,0,0,-0.9999999986080006,-1.000000002783999,1,1.922962652380641e-16,-16,1.350002700000002,1.350002699065332,-0,0,2.34837955436348e-17,0.9999999993040003,2.466845278763992e-12,33.92926851717113,4,25.13274122871834,0.9974999999999999,0.9974999999999999,1,20,5,1.570092463494429e-16,-3023176055038887,-3023176055038887,-1.583260290207753e+16,3.885780580018224e-16,3.885780579800393e-16,5.961187102081384e-16,6.516300164366511e-16,0.9994656628923912,0.4999999999962665,1,1,1,1,1,1,2.220446049259987e-16,-0,-0,-9.978186112941781,0.5,1.078506214484181e+20,1.078506213733542e+20,143685.8917825987,0,1.078506213733542e+20,-1078325313536,9.986499973e+17,1350002700000000,1000000000000000,1.643297435350454e+38,1000000000000000,1,2.466845278763992e-12,-1.207732682937909e+21,-1.279695433359609e+19,3.499097889334006e+31,-3.499097889454779e+31,6.998195778788784e+31,3.499097889334006e+31,-3.499097889454779e+31,-1.207732682937909e+21,6.998195778788784e+31,0,-1.279830433629609e+19,-1,118714539879.1324,1,1,1,1,fusion,metastable_moscovium,,1e+18,1000000000000000,200000000000000,0.2,1000000000,100000000,5000,0,0.8,0.05,1.05,0.95,0.8,1,1,1,0,0
81,1.3500027,0,0,6371988.454948881,0,0,-14.84341522448896,988.4549488807097,-14.84341522448896,engineered_metric,saucer,0,0,0,0,0,80,80,0,0,-0.9999999986080004,-1.000000002783999,1,1.922962654811915e-16,-16,1.366669400000002,1.36666939905373,-0,0,7.049065914098754e-18,0.9999999993040002,6.474320027259012e-12,34.34814837540781,4,25.13274122871834,0.9974999999999999,0.9974999999999999,1,20,5,1.005349703935485e-15,-4.276982211341761e+27,-4.276982211341761e+27,-4.276982211382784e+27,1.387778776453874e-15,1.387778776420815e-15,1.842996714544184e-15,1.842996717530243e-15,0.997334012605823,0.4999999999940444,1,1,1,1,1,1,-1.554312229528936e-15,-0,-0,-9.978185486003715,0.5,1.078506214484181e+20,1.078506213733542e+20,143685.8917825987,0,1.078506213733542e+20,-1078325313536,9.986333306e+17,1366669400000000,1000000000000000,2.385677168269789e+37,1000000000000000,1,6.474320027259012e-12,-3.499097889362745e+31,-3.499097889241972e+31,1.479284164025288e+21,-3.499097889510674e+31,3.499097889658602e+31,1.479284164025288e+21,-3.499097889510674e+31,-3.499097889362745e+31,3.499097889658602e+31,0,-3.499097889241972e+31,-1,237422040920.4433,1,1,1,1,fusion,metastable_moscovium,,1e+18,1000000000000000,200000000000000,0.2,1000000000,100000000,5000,0,0.8,0.05,1.05,0.95,0.8,1,1,1,0,0
82,1.3666694,0,0,6371988.206172263,0,0,-15.00971867237695,988.2061722632498,-15.00971867237695,engineered_metric,saucer,0,0,0,0,0,80,80,0,0,-0.9999999986080004,-1.000000002783999,1,1.922962975168176e-16,-16,1.383336100000002,1.383336099042129,0,-0,6.239043858604681e-17,0.9999999993040002,5.722814088742042e-11,34.7670282336445,4,25.13274122871834,0.9974999999999999,0.9974999999999999,1,20,5,1.005349704221092e-15,-4.276982211349026e+27,-4.276982211349026e+27,-4.276982211714947e+27,1.387778776457536e-15,1.387778776285404e-15,1.842996714782657e-15,2.28708613301943e-15,0.9973340126058179,0.4999999999689911,1,1,1,1,1,1,-1.554312229537967e-15,-0,-0,-9.978182447120183,0.5,1.078506214484181e+20,1.078506213733542e+20,143685.8917825987,0,1.078506213733542e+20,-1078325313536,9.986166639e+17,1383336100000000,1000000000000000,3.053379072709319e+35,1000000000000000,1,5.722814088742042e-11,-1.749548944632664e+32,-1.39963915569639e+32,3.499097889135299e+31,-2.099458733546194e+32,2.449368522459724e+32,3.499097889135299e+31,-2.099458733546194e+32,-1.749548944632664e+32,2.449368522459724e+32,0,-1.39963915569639e+32,-1,18225057.16083411,1,1,1,1,fusion,metastable_moscovium,,1e+18,1000000000000000,200000000000000,0.2,1000000000,100000000,5000,0,0.8,0.05,1.05,0.95,0.8,1,1,1,0,0
83,1.3833361,0,0,6371987.954021065,0,0,-15.2866141690205,987.9540210654959,-15.2866141690205,engineered_metric,saucer,0,0,0,0,0,80,80,0,0,-0.9999999986080004,-1.000000002783999,1,1.236292062814409e-15,0,1.400002800000002,1.400002799030527,0,-0,5.44547939906364e-16,0.9999999993040002,5.717755137968226e-11,35.18590809188117,4,25.13274122871834,0.9974999999999999,0.9974999999999999,1,20,5,1.005349725641592e-15,-4.27698221141338e+27,-4.27698221141338e+27,-4.276982211720572e+27,1.221245323406644e-15,1.387778775977795e-15,1.958998784089279e-15,2.287101894952394e-15,0.996802520015252,0.5319148936211128,1,1,1,1,1,1,-1.554312229553094e-15,-0,-0,-9.978191382749349,0.5,1.078506214484181e+20,1.078506213733542e+20,143685.8917825987,0,1.078506213733542e+20,-1078325313536,9.985999972e+17,1400002800000000,1000000000000000,3.058784595539565e+35,1000000000000000,1,5.717755137968226e-11,-1.74954894463281e+32,-1.459166279268041e+19,3.499097889134077e+31,-2.099458733546218e+32,2.449368522459625e+32,3.499097889134077e+31,-2.099458733546218e+32,-1.74954894463281e+32,2.449368522459625e+32,0,-1.459306279548041e+19,-1,362301977.8919331,1,1,1,1,fusion,metastable_moscovium,,1e+18,1000000000000000,200000000000000,0.2,1000000000,100000000,5000,0,0.8,0.05,1.05,0.95,0.8,1,1,1,0,0
84,1.4000028,0,0,6371987.696471922,0,0,-15.6192210946455,987.6964719220996,-15.6192210946455,engineered_metric,saucer,0,0,0,0,0,80,80,0,0,-0.9999999986080004,-1.000000002783999,1,1.236292041044692e-15,0,1.416669500000002,1.416669499018926,0,-0,1.613677059110273e-16,0.9999999993040002,6.472493421159342e-12,35.60478795011785,4,25.13274122871834,0.9974999999999999,0.9974999999999999,1,20,5,1.005349705824227e-15,-4.276982211362719e+27,-4.276982211362719e+27,-4.276982211384591e+27,1.221245323383353e-15,1.387778776374877e-15,1.958998763593737e-15,2.287087325177594e-15,0.9968025200152542,0.5319148935923129,1,1,1,1,1,1,-1.554312229533804e-15,-0,-0,-19.95637526023704,0.5,1.078506214484181e+20,1.078506213733542e+20,143685.8917825987,0,1.078506213733542e+20,-1078325313536,9.985833305e+17,1416669500000000,1000000000000000,2.387023884929741e+37,1000000000000000,1,6.472493421159342e-12,-1.749548944632899e+32,-8.863084066665136e+18,3.499097889133317e+31,-2.099458733546231e+32,2.449368522459562e+32,3.499097889133317e+31,-2.099458733546231e+32,-1.749548944632899e+32,2.449368522459562e+32,0,-8.864500736165136e+18,-1,474829276790.2089,1,1,1,1,fusion,metastable_moscovium,,1e+18,1000000000000000,200000000000000,0.2,1000000000,100000000,5000,0,0.8,0.05,1.05,0.95,0.8,1,1,1,0,0
85,1.4166695,0,0,6371987.433379319,0,0,-15.95182800495365,987.4333793185651,-15.95182800495365,engineered_metric,saucer,0,0,0,0,0,80,80,0,0,-0.9999999986079999,-1.000000002784001,1,1.23629203863948e-15,-16,1.433336200000002,1.433336199007325,0,-0,1.101292788647153e-16,0.999999999304,2.466579844775731e-12,36.02366780835454,4,25.13274122871834,0.9974999999999999,0.9974999999999999,1,20,5,1.005349704805156e-15,4.276982211325654e+27,4.276982211325654e+27,4.276982211323882e+27,1.38777877645352e-15,1.360072249019393e-15,1.842996715167688e-15,1.851196029457562e-15,0.9973340126058465,0.4949695725053015,0,0,0,0,0,0,1.554312229528071e-15,-0,-0,-19.95637463340821,0.5,1.078506214484181e+20,1.078506213733542e+20,167633.5404130318,0,1.078506213733542e+20,-1078325313536,9.985666638e+17,1433336200000000,1000000000000000,1.643651131958006e+38,1000000000000000,1,2.466579844775731e-12,-1.749548944633145e+32,-2.464369716097135e+19,3.499097889131252e+31,-2.09945873354627e+32,2.449368522459396e+32,3.499097889131252e+31,-2.09945873354627e+32,-1.749548944633145e+32,2.449368522459396e+32,0,-2.464513049717135e+19,-1,63117342.37733243,1,1,1,1,fusion,metastable_moscovium,,1e+18,1000000000000000,200000000000000,0.2,1000000000,100000000,5000,0,0.8,0.05,1.05,0.95,0.8,1,1,1,0,0
86,1.4333362,0,0,6371987.164743255,0,0,-16.28443490918913,987.1647432548925,-16.28443490918912,engineered_metric,saucer,0,0,0,0,0,80,80,0,0,-0.9999999986079999,-1.000000002784001,1,1.236292037795812e-15,0,1.450002900000002,1.450002898995723,0,0,8.983288415744312e-17,0.999999999304,1.376405309714787e-12,36.44254766659122,4,25.13274122871834,0.9974999999999999,0.9974999999999999,1,20,5,1.005349704508445e-15,4.276982211328245e+27,4.276982211328245e+27,4.276982211331219e+27,1.387778776453848e-15,1.387778776472731e-15,1.842996714957524e-15,2.287086357252602e-15,0.9973340126058364,0.4999999999988946,0,0,0,0,0,0,1.554312229528877e-15,-0,-0,-19.9563743451499,0.5,1.078506214484181e+20,1.078506213733542e+20,167633.5404130318,0,1.078506213733542e+20,-1078325313536,9.985499971e+17,1450002900000000,1000000000000000,5.278461051744758e+38,1000000000000000,1,1.376405309714787e-12,2.099458733530881e+32,3.849007678164027e+32,2.099458733547737e+32,-1.685623452694639e+21,2.099458733564593e+32,2.099458733547737e+32,-1.685623452694639e+21,2.099458733530881e+32,2.099458733564593e+32,0,3.849007678164027e+32,1,474864994930.7859,1,1,1,1,fusion,metastable_moscovium,,1e+18,1000000000000000,200000000000000,0.2,1000000000,100000000,5000,0,0.8,0.05,1.05,0.95,0.8,1,1,1,0,0
87,1.4500029,0,0,6371986.891791333,0,0,-16.45988503346532,986.8917913325131,-16.45988503346532,engineered_metric,saucer,0,0,0,0,0,80,80,0,0,-0.9999999986079999,-1.000000002784001,1,1.236292037433498e-15,0,1.466669600000002,1.466669598984122,0,0,7.834095677788625e-17,0.999999999304,9.413775867971992e-13,36.8614275248279,4,25.13274122871834,0.9974999999999999,0.9974999999999999,1,20,5,1.005349704367772e-15,4.276982211329771e+27,4.276982211329771e+27,4.276982211334207e+27,1.387778776453636e-15,1.387778776464112e-15,1.89850786608858e-15,2.28708625318722e-15,0.9973340126058327,0.5000000000001329,0,0,0,0,0,0,1.554312229529317e-15,-0,-0,-19.95637416723863,0.5,1.078506214484181e+20,1.078506213733542e+20,167633.5404130318,0,1.078506213733542e+20,-1078325313536,9.985333304e+17,1466669600000000,1000000000000000,1.128423941740558e+39,1000000000000000,1,9.413775867971992e-13,2.099458733530608e+32,-2.730982814037469e+19,2.099458733547811e+32,-1.72037079021192e+21,2.099458733565015e+32,2.099458733547811e+32,-1.72037079021192e+21,2.099458733530608e+32,2.099458733565015e+32,0,-2.731129480997469e+19,-1,549780980157.402,1,1,1,1,fusion,metastable_moscovium,,1e+18,1000000000000000,200000000000000,0.2,1000000000,100000000,5000,0,0.8,0.05,1.05,0.95,0.8,1,1,1,0,0
88,1.4666696,0,0,6371986.616073501,0,0,-16.62618848402574,986.6160735012963,-16.62618848402574,engineered_metric,saucer,0,0,0,0,0,80,80,0,0,-0.9999999986079997,-1.000000002784001,1,1.922962700513715e-16,16,1.483336300000002,1.483336298972521,0,0,7.042786308637803e-17,0.9999999993039999,7.3820772068723e-13,37.28030738306458,4,25.13274122871834,0.9974999999999999,0.9974999999999999,1,20,5,1.570092483335284e-16,-1.00310417934235e+16,-1.00310417934235e+16,-5242071542216534,3.885780580006055e-16,3.885780580084496e-16,5.961187111059999e-16,3.185643137132969e-16,0.9994656628923698,0.5000000000044477,1,0,1,1,0,0,-2.220446049252584e-16,-0,-0,-9.978187121530379,0.5,1.078506214484181e+20,1.078506213733542e+20,167633.5404130318,-16384,1.078506213733542e+20,-1078325329920,9.985166637e+17,1483336300000000,1000000000000000,1.835028585435059e+39,1000000000000000,1,7.3820772068723e-13,2.099458733530462e+32,-1.459166279268041e+19,2.099458733547849e+32,-1.738710628373623e+21,2.099458733565236e+32,2.099458733547849e+32,-1.738710628373623e+21,2.099458733530462e+32,2.099458733565236e+32,0,-1.459314612898041e+19,-1,478541366261.5112,1,1,1,1,fusion,metastable_moscovium,,1e+18,1000000000000000,200000000000000,0.2,1000000000,100000000,5000,0,0.8,0.05,1.05,0.95,0.8,1,1,1,0,0
89,1.4833363,0,0,6371986.33758394,0,0,-16.79249193272137,986.3375839404762,-16.79249193272137,engineered_metric,saucer,0,0,0,0,0,80,80,0,0,-0.9999999986079997,-1.000000002784001,1,1.922962693594905e-16,0,1.500003000000003,1.500002998960919,0,0,6.4204877955548e-17,0.9999999993039999,6.438992922617761e-13,37.69918724130127,4,25.13274122871834,0.9974999999999999,0.9974999999999999,1,20,5,1.570092479465046e-16,-9217929361958762,-9217929361958762,-4608942429383725,3.885780580006326e-16,5.551115110762244e-16,3.185629547760618e-16,5.356289093773845e-16,0.9994656628923765,0.5882352939635107,1,0,1,1,0,0,-2.220446049250313e-16,-0,-0,-9.978187013825981,0.5,1.078506214484181e+20,1.078506213733542e+20,167633.5404130318,16384,1.078506213733542e+20,-1078325313536,9.98499997e+17,1500003000000000,1000000000000000,2.411926696329685e+39,1000000000000000,1,6.438992922617761e-13,-3.49909788937863e+31,-2.449368522468325e+32,1.670202535279469e+21,-3.49909788954565e+31,3.49909788971267e+31,1.670202535279469e+21,-3.49909788954565e+31,-3.49909788937863e+31,3.49909788971267e+31,0,-2.449368522468325e+32,-1,16986359.84197858,1,1,1,1,fusion,metastable_moscovium,,1e+18,1000000000000000,200000000000000,0.2,1000000000,100000000,5000,0,0.8,0.05,1.05,0.95,0.8,1,1,1,0,0
90,1.500003,0,0,6371986.056392775,0,0,-16.92137684633935,986.0563927749172,-16.92137684633935,engineered_metric,saucer,0,0,0,0,0,80,80,0,0,-0.9999999986079997,-1.000000002784001,1,1.922962687274698e-16,0,1.516669700000003,1.516669698949318,0,0,5.877321704460956e-17,0.9999999993039999,6.160668092369726e-13,38.11806709953795,4,25.13274122871834,0.9974999999999999,0.9974999999999999,1,20,5,1.570092476390204e-16,-8486427308178252,-8486427308178252,-4434941881448340,3.885780580005537e-16,3.885780580041601e-16,3.18562954638015e-16,6.51630833686999e-16,0.999465662892376,0.4999999999979531,1,0,1,1,0,0,-2.220446049248379e-16,-0,-0,-9.978186915439979,0.5,1.078506214484181e+20,1.078506213733542e+20,191581.1890434649,0,1.078506213733542e+20,-1078325313536,9.984833303e+17,1516669700000000,1000000000000000,2.634780111992737e+39,1000000000000000,1,6.160668092369726e-13,-3.499097889380013e+31,-1.383055445565479e+19,1.686885695208416e+21,-3.499097889548701e+31,3.49909788971739e+31,1.686885695208416e+21,-3.499097889548701e+31,-3.499097889380013e+31,3.49909788971739e+31,0,-1.383207112535478e+19,-0.9999999999999977,118703305982.353,1,1,1,1,fusion,metastable_moscovium,,1e+18,1000000000000000,200000000000000,0.2,1000000000,100000000,5000,0,0.8,0.05,1.05,0.95,0.8,1,1,1,0,0
91,1.5166697,0,0,6371985.774369264,0,0,-16.92137684398671,985.7743692640215,-16.92137684398671,engineered_metric,saucer,0,0,0,0,0,80,80,0,0,-0.9999999986079997,-1.000000002784001,1,4.961742973503794e-21,0,1.533336400000003,1.533336398937717,0,0,5.35833873860491e-17,0.9999999993039999,6.439244212581719e-13,38.53694695777463,4,25.13274122871834,0.9974999999999999,0.9974999999999999,1,20,5,1.570092473753314e-16,-7732332015537347,-7732332015537347,-4632745154784891,5.551115110758148e-16,3.885780580073689e-16,5.356278147845664e-16,6.516306695634572e-16,0.9999999999999996,0.4117647060361735,1,0,1,1,0,0,-2.220446049246608e-16,-0,-0,9.840572677255208e-08,0.5,1.078506214484181e+20,1.078506213733542e+20,191581.1890434649,0,1.078506213733542e+20,-1078325313536,9.984666636e+17,1533336400000000,1000000000000000,2.411738450278978e+39,1000000000000000,1,6.439244212581719e-13,-3.499097889381085e+31,-1.072757431239652e+19,1.69986835367959e+21,-3.499097889551072e+31,3.499097889721059e+31,1.69986835367959e+21,-3.499097889551072e+31,-3.499097889381085e+31,3.499097889721059e+31,0,-1.072910764879652e+19,-1,118734627965.021,1,1,1,1,fusion,metastable_moscovium,,1e+18,1000000000000000,200000000000000,0.2,1000000000,100000000,5000,0,0.8,0.05,1.05,0.95,0.8,1,1,1,0,0
92,1.5333364,0,0,6371985.492345753,0,0,-16.92137684001271,985.4923457531258,-16.92137684001271,engineered_metric,saucer,0,0,0,0,0,80,80,0,0,-0.9999999986079997,-1.000000002784001,1,4.461301846413221e-21,0,1.550003100000003,1.550003098926115,0,0,4.817896333216097e-17,0.9999999993039999,7.38272852822849e-13,38.95582681601131,4,25.13274122871834,0.9974999999999999,0.9974999999999999,1,20,5,1.570092471291384e-16,-6952442500457378,-6952442500457378,-5311561730951875,3.885780580005748e-16,3.885780580190866e-16,2.630518044317091e-16,3.185636073826018e-16,0.9994656628923698,0.5000000000038674,1,1,1,1,1,1,2.220446049255748e-16,-0,-0,2.061191545281686e-07,0.5,1.078506214484181e+20,1.078506213733542e+20,191581.1890434649,0,1.078506213733542e+20,-1078325313536,9.984499969e+17,1550003100000000,1000000000000000,1.834704818800274e+39,1000000000000000,1,7.38272852822849e-13,-3.499097889381094e+31,-9.007199254740992e+16,1.699968362540219e+21,-3.499097889551091e+31,3.499097889721088e+31,1.699968362540219e+21,-3.499097889551091e+31,-3.499097889381094e+31,3.499097889721088e+31,0,-9.162199564740992e+16,-1,6320046.366426152,1,1,1,1,fusion,metastable_moscovium,,1e+18,1000000000000000,200000000000000,0.2,1000000000,100000000,5000,0,0.8,0.05,1.05,0.95,0.8,1,1,1,0,0
93,1.5500031,0,0,6371985.210322242,0,0,-16.92137683419298,985.2103222422302,-16.92137683419298,engineered_metric,saucer,0,0,0,0,0,80,80,0,0,-0.9999999986079997,-1.000000002784001,1,3.891911676019019e-21,0,1.566669800000003,1.566669798914514,-0,0,4.202993255233693e-17,0.9999999993039999,9.415102234979313e-13,39.374706674248,4,25.13274122871834,0.9974999999999999,0.9974999999999999,1,20,5,1.570092468803042e-16,-6065161301657813,-6065161301657813,-6773755326876862,3.885780580009284e-16,3.608479875648188e-16,3.185629543076851e-16,6.042846637297937e-16,0.99946566289237,0.4814815895748103,1,1,1,1,1,1,2.220446049257561e-16,-0,-0,3.363877277539272e-07,0.5,1.078506214484181e+20,1.078506213733542e+20,191581.1890434649,0,1.078506213733542e+20,-1078325313536,9.984333302e+17,1566669800000000,1000000000000000,1.128106027218977e+39,1000000000000000,1,9.415102234979313e-13,-1.407444847331128e+21,3.49909788924035e+31,3.499097889349493e+31,-3.499097889490238e+31,6.998195778839731e+31,3.499097889349493e+31,-3.499097889490238e+31,-1.407444847331128e+21,6.998195778839731e+31,0,3.49909788924035e+31,1,59349401792.67773,1,1,1,1,fusion,metastable_moscovium,,1e+18,1000000000000000,200000000000000,0.2,1000000000,100000000,5000,0,0.8,0.05,1.05,0.95,0.8,1,1,1,0,0
94,1.5666698,0,0,6371984.927871882,0,0,-17.01367538757794,984.9278718819842,-17.01367538757794,engineered_metric,saucer,0,0,0,0,0,80,80,0,0,-0.9999999986079997,-1.000000002784001,1,1.92296265876926e-16,0,1.583336500000003,1.583336498902913,-0,0,3.431460173755923e-17,0.9999999993039999,1.376730723146022e-12,39.79358653248468,4,25.13274122871834,0.9974999999999999,0.9974999999999999,1,20,5,1.570092466157538e-16,-4977402885407198,-4977402885407198,-9955992668777448,3.885780580016764e-16,3.885780579838444e-16,5.961187103394887e-16,6.516301927104008e-16,0.9994656628923835,0.5000000000034255,1,1,1,1,1,1,2.220446049259556e-16,-0,-0,5.143485765029171e-07,0.5,1.078506214484181e+20,1.078506213733542e+20,191581.1890434649,0,1.078506213733542e+20,-1078325313536,9.984166635e+17,1583336500000000,1000000000000000,5.275966040785681e+38,1000000000000000,1,1.376730723146022e-12,-1.407856400532627e+21,-4.115532014994063e+17,3.49909788934952e+31,-3.499097889490306e+31,6.998195778839827e+31,3.49909788934952e+31,-3.499097889490306e+31,-1.407856400532627e+21,6.998195778839827e+31,0,-4.131365379994063e+17,-1,59353596593.07079,1,1,1,1,fusion,metastable_moscovium,,1e+18,1000000000000000,200000000000000,0.2,1000000000,100000000,5000,0,0.8,0.05,1.05,0.95,0.8,1,1,1,0,0
95,1.5833365,0,0,6371984.64292419,0,0,-17.1799788240458,984.6429241904989,-17.1799788240458,engineered_metric,saucer,0,0,0,0,0,80,80,0,0,-0.9999999986079997,-1.000000002784001,1,1.922962652407004e-16,0,1.600003200000003,1.600003198891311,-0,0,2.348856877340808e-17,0.9999999993039999,2.467457464698428e-12,40.21246639072136,4,25.13274122871834,0.9974999999999999,0.9974999999999999,1,20,5,1.570092463343261e-16,-3434209143875963,-3434209143875963,-1.798593791329366e+16,3.885780580019074e-16,3.885780579802243e-16,5.961187102060408e-16,6.51630016545154e-16,0.9994656628923946,0.4999999999962833,1,1,1,1,1,1,2.220446049261655e-16,-0,-0,-9.978186112748352,0.5,1.078506214484181e+20,1.078506213733542e+20,191581.1890434649,0,1.078506213733542e+20,-1078325313536,9.983999968e+17,1600003200000000,1000000000000000,1.642482119347095e+38,1000000000000000,1,2.467457464698428e-12,-1.416479891347897e+21,-8.623490815269798e+18,3.499097889350191e+31,-3.499097889491839e+31,6.99819577884203e+31,3.499097889350191e+31,-3.499097889491839e+31,-1.416479891347897e+21,6.99819577884203e+31,0,-8.625090818469798e+18,-1,167889166175.2519,1,1,1,1,fusion,metastable_moscovium,,1e+18,1000000000000000,200000000000000,0.2,1000000000,100000000,5000,0,0.8,0.05,1.05,0.95,0.8,1,1,1,0,0
96,1.6000032,0,0,6371984.355204769,0,0,-17.34628225553526,984.3552047694102,-17.34628225553526,engineered_metric,saucer,0,0,0,0,0,80,80,0,0,-0.9999999986079995,-1.000000002784,1,1.922962654796552e-16,0,1.616669900000003,1.61666989887971,-0,0,7.052652587404593e-18,0.9999999993039997,6.478429390067351e-12,40.63134624895804,4,25.13274122871834,0.9974999999999999,0.9974999999999999,1,20,5,1.00534970393522e-15,-4.276982211341879e+27,-4.276982211341879e+27,-4.276982211388426e+27,1.387778776453804e-15,1.221245323119034e-15,1.842996714544083e-15,1.958998764916787e-15,0.9973340126058228,0.4680851063502945,1,1,1,1,1,1,-1.554312229528777e-15,-0,-0,-9.978185485121129,0.5,1.078506214484181e+20,1.078506213733542e+20,191581.1890434649,-16384,1.078506213733542e+20,-1078325329920,9.983833301e+17,1616669900000000,1000000000000000,2.382651588102091e+37,1000000000000000,1,6.478429390067351e-12,-3.49909788938372e+31,-3.499097889242072e+31,1.732575929650793e+21,-3.499097889556977e+31,3.499097889730235e+31,1.732575929650793e+21,-3.499097889556977e+31,-3.49909788938372e+31,3.499097889730235e+31,0,-3.499097889242072e+31,-1,712260137996.0421,1,1,1,1,fusion,metastable_moscovium,,1e+18,1000000000000000,200000000000000,0.2,1000000000,100000000,5000,0,0.8,0.05,1.05,0.95,0.8,1,1,1,0,0
97,1.6166699,0,0,6371984.064720825,0,0,-17.50510239572646,984.0647208252922,-17.50510239572646,engineered_metric,saucer,0,0,0,0,0,80,80,0,0,-0.9999999986079995,-1.000000002784,1,1.236292045757644e-15,0,1.633336600000003,1.633336598868109,0,-0,6.272133958397335e-17,0.9999999993039997,5.752514538391763e-11,41.05022610719473,4,25.13274122871834,0.9974999999999999,0.9974999999999999,1,20,5,1.005349704207715e-15,-4.276982211350145e+27,-4.276982211350145e+27,-4.276982211766404e+27,1.38777877645814e-15,1.387778776286097e-15,1.84299671478685e-15,2.287086134575394e-15,0.997334012605817,0.4999999999690072,1,1,1,1,1,1,-1.55431222953938e-15,-0,-0,-9.978182424195838,0.5,1.078506214484181e+20,1.078506213733542e+20,191581.1890434649,0,1.078506213733542e+20,-1078325329920,9.983666634e+17,1633336600000000,1000000000000000,3.021931043747882e+35,1000000000000000,1,5.752514538391763e-11,-1.749548944634849e+32,-1.399639155696477e+32,3.49909788911698e+31,-2.099458733546547e+32,2.449368522458245e+32,3.49909788911698e+31,-2.099458733546547e+32,-1.749548944634849e+32,2.449368522458245e+32,0,-1.399639155696477e+32,-1,9566998.158223152,1,1,1,1,fusion,metastable_moscovium,,1e+18,1000000000000000,200000000000000,0.2,1000000000,100000000,5000,0,0.8,0.05,1.05,0.95,0.8,1,1,1,0,0
98,1.6333366,0,0,6371983.770196798,0,0,-17.83770943673905,983.7701967982575,-17.83770943673905,engineered_metric,saucer,0,0,0,0,0,80,80,0,0,-0.9999999986079995,-1.000000002784,1,1.236292063251373e-15,16,1.650003300000003,1.650003298856507,0,-0,5.47260267356364e-16,0.9999999993039997,5.746048813101201e-11,41.46910596543141,4,25.13274122871834,0.9974999999999999,0.9974999999999999,1,20,5,1.005349724563336e-15,-4.276982211423348e+27,-4.276982211423348e+27,-4.27698221177276e+27,1.221245323408791e-15,1.387778775979997e-15,1.958998784321673e-15,2.287102002285071e-15,0.9968025200152516,0.5319148936211218,1,1,1,1,1,1,-1.554312229557149e-15,-0,-0,-19.95637832057747,0.5,1.078506214484181e+20,1.078506213733542e+20,191581.1890434649,0,1.078506213733542e+20,-1078325329920,9.983499967e+17,1650003300000000,1000000000000000,3.028735708901524e+35,1000000000000000,1,5.746048813101201e-11,-1.749548944634988e+32,-1.394314444633906e+19,3.499097889115798e+31,-2.099458733546568e+32,2.449368522458148e+32,3.499097889115798e+31,-2.099458733546568e+32,-1.749548944634988e+32,2.449368522458148e+32,0,-1.394479444963906e+19,-1,89721892.32086706,1,1,1,1,fusion,metastable_moscovium,,1e+18,1000000000000000,200000000000000,0.2,1000000000,100000000,5000,0,0.8,0.05,1.05,0.95,0.8,1,1,1,0,0
99,1.6500033,0,0,6371983.470129311,0,0,-18.17031636238127,983.4701293110847,-18.17031636238127,engineered_metric,saucer,0,0,0,0,0,80,80,0,0,-0.999999998607999,-1.000000002784003,1,1.236292041074233e-15,0,1.666670000000003,1.666669998844906,0,-0,1.614619070888657e-16,0.9999999993039995,6.476172197684992e-12,41.88798582366809,4,25.13274122871834,0.9974999999999999,0.9974999999999999,1,20,5,1.005349705711625e-15,4.276982211316136e+27,4.276982211316136e+27,4.276982211291442e+27,1.221245323378962e-15,1.387778776302764e-15,1.958998763590217e-15,1.842998113777453e-15,0.9968025200153225,0.5319148936050003,0,0,0,0,0,0,1.554312229525218e-15,-0,-0,-19.95637526107417,0.5,1.078506214484181e+20,1.078506213733542e+20,215528.837673898,0,1.078506213733542e+20,-1078325329920,9.9833333e+17,1666670000000000,1000000000000000,2.384312766985862e+37,1000000000000000,1,6.476172197684992e-12,-1.749548944635036e+32,-4.755801206503244e+18,3.499097889115398e+31,-2.099458733546575e+32,2.449368522458115e+32,3.499097889115398e+31,-2.099458733546575e+32,-1.749548944635036e+32,2.449368522458115e+32,0,-4.757467876503244e+18,-1,474819843897.0045,1,1,1,1,fusion,metastable_moscovium,,1e+18,1000000000000000,200000000000000,0.2,1000000000,100000000,5000,0,0.8,0.05,1.05,0.95,0.8,1,1,1,0,0
100,1.66667,0,0,6371983.164518364,0,0,-18.50292327269107,983.1645183637738,-18.50292327269107,engineered_metric,saucer,0,0,0,0,0,80,80,0,0,-0.999999998607999,-1.000000002784003,1,1.236292038652534e-15,0,1.683336700000003,1.683336698833305,0,-0,1.101425652944228e-16,0.9999999993039995,2.466858760831079e-12,42.30686568190477,4,25.13274122871834,0.9974999999999999,0.9974999999999999,1,20,5,1.005349704753758e-15,4.276982211323746e+27,4.276982211323746e+27,4.276982211321753e+27,1.387778776453395e-15,1.387778776488594e-15,1.842996715157423e-15,2.287086573874692e-15,0.9973340126058501,0.500000000000666,0,0,0,0,0,0,1.55431222952778e-15,-0,-0,-19.95637463350466,0.5,1.078506214484181e+20,1.078506213733542e+20,215528.837673898,0,1.078506213733542e+20,-1078325329920,9.983166633e+17,1683336700000000,1000000000000000,1.643279473247331e+38,1000000000000000,1,2.466858760831079e-12,2.099458733529021e+32,3.849007678164057e+32,2.099458733548237e+32,-1.921573605914471e+21,2.099458733567453e+32,2.099458733548237e+32,-1.921573605914471e+21,2.099458733529021e+32,2.099458733567453e+32,0,3.849007678164057e+32,1,52846681.01682541,1,1,1,1,fusion,metastable_moscovium,,1e+18,1000000000000000,200000000000000,0.2,1000000000,100000000,5000,0,0.8,0.05,1.05,0.95,0.8,1,1,1,0,0
101,1.6833367,0,0,6371982.854126188,0,0,-18.71163402348385,982.8541261879727,-18.71163402348385,engineered_metric,saucer,0,0,0,0,0,80,80,0,0,-0.999999998607999,-1.000000002784003,1,1.236292037796397e-15,16,1.700003400000003,1.700003398821703,0,0,8.98434411789608e-17,0.9999999993039995,1.376563152516001e-12,42.72574554014145,4,25.13274122871834,0.9974999999999999,0.9974999999999999,1,20,5,1.005349704475223e-15,4.276982211326784e+27,4.276982211326784e+27,4.276982211330102e+27,1.387778776453039e-15,1.38777877647255e-15,1.898507866181638e-15,2.287086355969361e-15,0.9973340126058382,0.499999999998858,0,0,0,0,0,0,1.554312229528722e-15,-0,-0,-19.95637434520946,0.5,1.078506214484181e+20,1.078506213733542e+20,215528.837673898,0,1.078506213733542e+20,-1078325329920,9.982999966e+17,1700003400000000,1000000000000000,5.277250617904979e+38,1000000000000000,1,1.376563152516001e-12,2.099458733528753e+32,-2.676939618509023e+19,2.099458733548308e+32,-1.955450144278593e+21,2.099458733567862e+32,2.099458733548308e+32,-1.955450144278593e+21,2.099458733528753e+32,2.099458733567862e+32,0,-2.677109618849023e+19,-1,562434397171.9756,1,1,1,1,fusion,metastable_moscovium,,1e+18,1000000000000000,200000000000000,0.2,1000000000,100000000,5000,0,0.8,0.05,1.05,0.95,0.8,1,1,1,0,0
102,1.7000034,0,0,6371982.540879133,0,0,-18.87793747641485,982.5408791331574,-18.87793747641485,engineered_metric,saucer,0,0,0,0,0,80,80,0,0,-0.9999999986079988,-1.000000002784002,1,1.92296270888241e-16,32,1.716670100000004,1.716670098810102,0,0,7.834675947211358e-17,0.9999999993039994,9.414477691494944e-13,43.14462539837814,4,25.13274122871834,0.9974999999999999,0.9974999999999999,1,20,5,1.570092487231096e-16,-1.233717570337346e+16,-1.233717570337346e+16,-7391124010574082,3.88578058000604e-16,3.885780580198954e-16,5.961187113206059e-16,3.185646356183341e-16,0.99946566289237,0.4999999999991279,1,0,1,1,0,0,-2.220446049256331e-16,-0,-0,-9.978187251804963,0.5,1.078506214484181e+20,1.078506213733542e+20,215528.837673898,-16384,1.078506213733542e+20,-1078325346304,9.982833299e+17,1716670100000000,1000000000000000,1.128255706183981e+39,1000000000000000,1,9.414477691494944e-13,2.099458733528583e+32,-1.696956339593203e+19,2.099458733548353e+32,-1.976958397790392e+21,2.099458733568122e+32,2.099458733548353e+32,-1.976958397790392e+21,2.099458733528583e+32,2.099458733568122e+32,0,-1.697128006603203e+19,-1,118710542042.7137,1,1,1,1,fusion,metastable_moscovium,,1e+18,1000000000000000,200000000000000,0.2,1000000000,100000000,5000,0,0.8,0.05,1.05,0.95,0.8,1,1,1,0,0
103,1.7166701,0,0,6371982.224860348,0,0,-19.04424092697539,982.2248603478074,-19.04424092697539,engineered_metric,saucer,0,0,0,0,0,80,80,0,0,-0.9999999986079988,-1.000000002784002,1,1.922962700514472e-16,0,1.733336800000004,1.7333367987985,0,0,7.043243670831624e-17,0.9999999993039994,7.382581810038163e-13,43.56350525661482,4,25.13274122871834,0.9974999999999999,0.9974999999999999,1,20,5,1.570092482089967e-16,-1.116685017563175e+16,-1.116685017563175e+16,-5835638497735649,3.885780580007392e-16,5.551115111342035e-16,3.185629549256291e-16,5.356291319816365e-16,0.999465662892378,0.5882352939412773,1,0,1,1,0,0,-2.220446049252918e-16,-0,-0,-9.978187121542126,0.5,1.078506214484181e+20,1.078506213733542e+20,215528.837673898,16384,1.078506213733542e+20,-1078325329920,9.982666632e+17,1733336800000000,1000000000000000,1.834777743761366e+39,1000000000000000,1,7.382581810038163e-13,-3.49909788939738e+31,-2.449368522468321e+32,1.896629627793746e+21,-3.499097889587043e+31,3.499097889776705e+31,1.896629627793746e+21,-3.499097889587043e+31,-3.49909788939738e+31,3.499097889776705e+31,0,-2.449368522468321e+32,-1,118698804543.8041,1,1,1,1,fusion,metastable_moscovium,,1e+18,1000000000000000,200000000000000,0.2,1000000000,100000000,5000,0,0.8,0.05,1.05,0.95,0.8,1,1,1,0,0
104,1.7333368,0,0,6371981.906369452,0,0,-19.13321309453191,981.9063694523647,-19.13321309453191,engineered_metric,saucer,0,0,0,0,0,80,80,0,0,-0.9999999986079988,-1.000000002784002,1,1.922962693595071e-16,0,1.750003500000004,1.750003498786899,0,0,6.420797885294176e-17,0.9999999993039994,6.439342841912961e-13,43.9823851148515,4,25.13274122871834,0.9974999999999999,0.9974999999999999,1,20,5,1.570092478442544e-16,-1.020992286062964e+16,-1.020992286062964e+16,-5104939182042623,5.551115110762329e-16,3.885780580006309e-16,5.356278150043606e-16,6.51631022087611e-16,0.9999999999999996,0.4117647060364824,1,0,1,1,0,0,-2.220446049250313e-16,-0,-0,-9.978187013828533,0.5,1.078506214484181e+20,1.078506213733542e+20,239476.4863043311,0,1.078506213733542e+20,-1078325329920,9.982499965e+17,1750003500000000,1000000000000000,2.411664571209439e+39,1000000000000000,1,6.439342841912961e-13,-3.499097889398755e+31,-1.374948966236212e+19,1.913219312844749e+21,-3.499097889590077e+31,3.499097889781399e+31,1.913219312844749e+21,-3.499097889590077e+31,-3.499097889398755e+31,3.499097889781399e+31,0,-1.375123966586211e+19,-0.9999999999999977,118712282760.8134,1,1,1,1,fusion,metastable_moscovium,,1e+18,1000000000000000,200000000000000,0.2,1000000000,100000000,5000,0,0.8,0.05,1.05,0.95,0.8,1,1,1,0,0
105,1.7500035,0,0,6371981.587481917,0,0,-19.13321309373546,981.5874819168821,-19.13321309373546,engineered_metric,saucer,0,0,0,0,0,80,80,0,0,-0.9999999986079988,-1.000000002784002,1,6.157623729332395e-21,0,1.766670200000004,1.766670198775298,0,0,5.877582850709941e-17,0.9999999993039994,6.160993413054795e-13,44.40126497308818,4,25.13274122871834,0.9974999999999999,0.9974999999999999,1,20,5,1.570092475585142e-16,-9343488846676844,-9343488846676844,-4882908718155829,5.551115110760007e-16,3.885780580041282e-16,5.356278148804153e-16,6.516308340049952e-16,0.9999999999999993,0.4117647060384925,1,0,1,1,0,0,-2.220446049248118e-16,-0,-0,2.035917202961341e-11,0.5,1.078506214484181e+20,1.078506213733542e+20,239476.4863043311,0,1.078506213733542e+20,-1078325329920,9.982333298e+17,1766670200000000,1000000000000000,2.634501869253799e+39,1000000000000000,1,6.160993413054795e-13,-3.499097889399489e+31,-7.345370992241279e+18,1.922124317314229e+21,-3.499097889591702e+31,3.499097889783914e+31,1.922124317314229e+21,-3.499097889591702e+31,-3.499097889399489e+31,3.499097889783914e+31,0,-7.347137662441279e+18,-1,118693841168.6943,1,1,1,1,fusion,metastable_moscovium,,1e+18,1000000000000000,200000000000000,0.2,1000000000,100000000,5000,0,0.8,0.05,1.05,0.95,0.8,1,1,1,0,0
106,1.7666702,0,0,6371981.268594381,0,0,-19.13321309138264,981.2685943813995,-19.13321309138264,engineered_metric,saucer,0,0,0,0,0,80,80,0,0,-0.9999999986079988,-1.000000002784002,1,5.613860833778789e-21,0,1.783336900000004,1.783336898763696,0,0,5.358549335932381e-17,0.9999999993039994,6.439569233431227e-13,44.82014483132487,4,25.13274122871834,0.9974999999999999,0.9974999999999999,1,20,5,1.570092473105127e-16,-8518444618668000,-8518444618668000,-5103777544440129,3.885780580008038e-16,3.885780580930574e-16,3.185629545337432e-16,5.961195186011846e-16,0.99946566289237,0.4999999999958112,1,1,1,1,1,1,2.220446049254504e-16,-0,-0,9.841346254893041e-08,0.5,1.078506214484181e+20,1.078506213733542e+20,239476.4863043311,0,1.078506213733542e+20,-1078325329920,9.982166631e+17,1783336900000000,1000000000000000,2.411495003716117e+39,1000000000000000,1,6.439569233431227e-13,3.499097889081091e+31,6.99819577848058e+31,3.499097889363746e+31,-2.826551805953026e+21,3.499097889646401e+31,3.499097889363746e+31,-2.826551805953026e+21,3.499097889081091e+31,3.499097889646401e+31,0,6.99819577848058e+31,1,118722268586.8299,1,1,1,1,fusion,metastable_moscovium,,1e+18,1000000000000000,200000000000000,0.2,1000000000,100000000,5000,0,0.8,0.05,1.05,0.95,0.8,1,1,1,0,0
107,1.7833369,0,0,6371980.949636723,0,0,-19.1706316208579,980.9496367229149,-19.1706316208579,engineered_metric,saucer,0,0,0,0,0,80,80,0,0,-0.9999999986079988,-1.000000002784002,1,1.922962671366083e-16,0,1.800003600000004,1.800003598752099,0,0,4.818126726631224e-17,0.9999999993039994,7.383190235786028e-13,45.23902468956155,4,25.13274122871834,0.9974999999999999,0.9974999999999999,1,20,5,1.570092470762548e-16,-7673942168166844,-7673942168166844,-5862800077249656,3.608224823852553e-16,3.88578057990829e-16,2.828955997210142e-16,6.516305149015565e-16,0.9994656628923698,0.518518518546966,1,1,1,1,1,1,2.220446049256464e-16,-0,-0,2.061343602086167e-07,0.5,1.078506214484181e+20,1.078506213733542e+20,239476.4863043311,0,1.078506213733542e+20,-1078325329920,9.981999964e+17,1800003600000000,1000000000000000,1.83447535956462e+39,1000000000000000,1,7.383190235786028e-13,-1.591399926520762e+21,-3.499097889240231e+31,3.499097889363755e+31,-3.499097889522895e+31,6.998195778886649e+31,3.499097889363755e+31,-3.499097889522895e+31,-1.591399926520762e+21,6.998195778886649e+31,0,-3.499097889240231e+31,-1,132702152930.8096,1,1,1,1,fusion,metastable_moscovium,,1e+18,1000000000000000,200000000000000,0.2,1000000000,100000000,5000,0,0.8,0.05,1.05,0.95,0.8,1,1,1,0,0
108,1.8000036,0,0,6371980.628739691,0,0,-19.3369350629016,980.6287396913394,-19.3369350629016,engineered_metric,saucer,0,0,0,0,0,80,80,0,0,-0.9999999986079988,-1.000000002784002,1,1.922962665664685e-16,0,1.816670300000004,1.816670298740504,-0,0,4.203274274417514e-17,0.9999999993039994,9.415918555725614e-13,45.65790454779823,4,25.13274122871834,0.9974999999999999,0.9974999999999999,1,20,5,1.570092468380837e-16,-6743707533424820,-6743707533424820,-7531591651079509,3.885780580015022e-16,3.885780579875659e-16,5.961187104587744e-16,6.516303587185732e-16,0.9994656628923806,0.4999999999990549,1,1,1,1,1,1,2.220446049258566e-16,-0,-0,-9.978186579039104,0.5,1.078506214484181e+20,1.078506213733542e+20,239476.4863043311,0,1.078506213733542e+20,-1078325329920,9.981833297e+17,1816670300000000,1000000000000000,1.127910431551987e+39,1000000000000000,1,9.415918555725614e-13,-1.594775741555656e+21,-3.375815034893238e+18,3.499097889364012e+31,-3.499097889523489e+31,6.9981957788875e+31,3.499097889364012e+31,-3.499097889523489e+31,-1.594775741555656e+21,6.9981957788875e+31,0,-3.377631705193239e+18,-1,59366181380.73775,1,1,1,1,fusion,metastable_moscovium,,1e+18,1000000000000000,200000000000000,0.2,1000000000,100000000,5000,0,0.8,0.05,1.05,0.95,0.8,1,1,1,0,0
109,1.8166703,0,0,6371980.30507093,0,0,-19.50323850262664,980.3050709301606,-19.50323850262664,engineered_metric,saucer,0,0,0,0,0,80,80,0,0,-0.9999999986079986,-1.000000002784002,1,1.922962658848464e-16,-16,1.833337000000004,1.833336998728909,-0,0,3.431864264557843e-17,0.9999999993039993,1.37693141393001e-12,46.07678440603491,4,25.13274122871834,0.9974999999999999,0.9974999999999999,1,20,5,1.005349704009601e-15,-4.27698221134638e+27,-4.27698221134638e+27,-4.276982211351924e+27,1.387778776453801e-15,1.221245323345311e-15,1.842996714612278e-15,1.903487692249895e-15,0.9973340126058232,0.4680851064011368,1,1,1,1,1,1,-1.554312229528777e-15,-0,-0,-9.978186401034479,0.5,1.078506214484181e+20,1.078506213733542e+20,239476.4863043311,16384,1.078506213733542e+20,-1078325313536,9.98166663e+17,1833337000000000,1000000000000000,5.274428185542718e+38,1000000000000000,1,1.37693141393001e-12,-3.499097889401199e+31,-3.499097889241722e+31,1.943660475571448e+21,-3.499097889595565e+31,3.499097889789931e+31,1.943660475571448e+21,-3.499097889595565e+31,-3.499097889401199e+31,3.499097889789931e+31,0,-3.499097889241722e+31,-1,118708453074.1288,1,1,1,1,fusion,metastable_moscovium,,1e+18,1000000000000000,200000000000000,0.2,1000000000,100000000,5000,0,0.8,0.05,1.05,0.95,0.8,1,1,1,0,0
110,1.833337,0,0,6371979.978636536,0,0,-19.67369984946641,979.9786365358159,-19.67369984946641,engineered_metric,saucer,0,0,0,0,0,80,80,0,0,-0.9999999986079986,-1.000000002784002,1,1.23629203567506e-15,-16,1.850003700000004,1.850003698717315,-0,0,2.349406682674216e-17,0.9999999993039993,2.468146020506508e-12,46.4956642642716,4,25.13274122871834,0.9974999999999999,0.9974999999999999,1,20,5,1.00534970396802e-15,-4.276982211344655e+27,-4.276982211344655e+27,-4.276982211360844e+27,1.387778776453701e-15,1.387778776474446e-15,1.842996714574275e-15,2.287085952699142e-15,0.9973340126058234,0.499999999999005,1,1,1,1,1,1,-1.554312229528536e-15,-0,-0,-9.978186112530221,0.5,1.078506214484181e+20,1.078506213733542e+20,239476.4863043311,0,1.078506213733542e+20,-1078325313536,9.981499963e+17,1850003700000000,1000000000000000,1.641565817928639e+38,1000000000000000,1,2.468146020506508e-12,-1.749548944636384e+32,-1.399639155696265e+32,3.499097889104104e+31,-2.099458733546795e+32,2.449368522457205e+32,3.499097889104104e+31,-2.099458733546795e+32,-1.749548944636384e+32,2.449368522457205e+32,0,-1.399639155696265e+32,-1,6364470.517828033,1,1,1,1,fusion,metastable_moscovium,,1e+18,1000000000000000,200000000000000,0.2,1000000000,100000000,5000,0,0.8,0.05,1.05,0.95,0.8,1,1,1,0,0
111,1.8500037,0,0,6371979.647969143,0,0,-20.00630672880999,979.6479691425338,-20.00630672880999,engineered_metric,saucer,0,0,0,0,0,80,80,0,0,-0.9999999986079986,-1.000000002784002,1,1.236292035750317e-15,0,1.866670400000005,1.86667039870572,-0,0,7.056228923165597e-18,0.9999999993039993,6.482532137082379e-12,46.91454412250827,4,25.13274122871834,0.9974999999999999,0.9974999999999999,1,20,5,1.005349703934964e-15,-4.276982211341998e+27,-4.276982211341998e+27,-4.276982211394119e+27,1.221245323377365e-15,1.387778776472986e-15,1.958998761620561e-15,2.287085925804613e-15,0.9968025200152544,0.5319148936004792,1,1,1,1,1,1,-1.554312229528612e-15,-0,-0,-19.95637239969739,0.5,1.078506214484181e+20,1.078506213733542e+20,239476.4863043311,0,1.078506213733542e+20,-1078325313536,9.981333296e+17,1866670400000000,1000000000000000,2.379636617072394e+37,1000000000000000,1,6.482532137082379e-12,-1.749548944636576e+32,-1.916732001408883e+19,3.499097889102489e+31,-2.099458733546825e+32,2.449368522457074e+32,3.499097889102489e+31,-2.099458733546825e+32,-1.749548944636576e+32,2.449368522457074e+32,0,-1.916918668448883e+19,-1,474840614043.6491,1,1,1,1,fusion,metastable_moscovium,,1e+18,1000000000000000,200000000000000,0.2,1000000000,100000000,5000,0,0.8,0.05,1.05,0.95,0.8,1,1,1,0,0
112,1.8666704,0,0,6371979.311758289,0,0,-20.33891362457108,979.3117582891136,-20.33891362457108,engineered_metric,saucer,0,0,0,0,0,80,80,0,0,-0.9999999986079982,-1.000000002784004,1,1.236292045813291e-15,-16,1.883337100000005,1.883337098694125,0,-0,6.307766339066974e-17,0.9999999993039991,5.784543798201231e-11,47.33342398074496,4,25.13274122871834,0.9974999999999999,0.9974999999999999,1,20,5,1.005349704186856e-15,4.276982211330302e+27,4.276982211330302e+27,4.276982210859317e+27,1.387778776449671e-15,1.387778776111959e-15,1.84299671473504e-15,1.842996927898147e-15,0.9973340126064988,0.5000000000608371,0,0,0,0,0,0,1.554312229518723e-15,-0,-0,-19.95636931491337,0.5,1.078506214484181e+20,1.078506213733542e+20,263424.1349347642,-16384,1.078506213733542e+20,-1078325329920,9.981166629e+17,1883337100000000,1000000000000000,2.988558576645808e+35,1000000000000000,1,5.784543798201231e-11,-1.749548944637195e+32,-6.186144448156113e+19,3.499097889097303e+31,-2.099458733546925e+32,2.449368522456656e+32,3.499097889097303e+31,-2.099458733546925e+32,-1.749548944637195e+32,2.449368522456656e+32,0,-6.186332781866113e+19,-1,20578435.36459351,1,1,1,1,fusion,metastable_moscovium,,1e+18,1000000000000000,200000000000000,0.2,1000000000,100000000,5000,0,0.8,0.05,1.05,0.95,0.8,1,1,1,0,0
113,1.8833371,0,0,6371978.970031695,0,0,-20.64408031740204,978.9700316945091,-20.64408031740204,engineered_metric,saucer,0,0,0,0,0,80,80,0,0,-0.9999999986079982,-1.000000002784004,1,1.23629206099494e-15,0,1.900003800000005,1.900003798682531,0,-0,5.410316195781444e-16,0.9999999993039991,5.680471288996409e-11,47.75230383898164,4,25.13274122871834,0.9974999999999999,0.9974999999999999,1,20,5,1.005349722789835e-15,4.276982211249492e+27,4.276982211249492e+27,4.276982210862705e+27,1.387778776441356e-15,1.387778776917655e-15,1.842996729209592e-15,2.287101580784656e-15,0.9973340126064992,0.5000000000228189,0,0,0,0,0,0,1.554312229498483e-15,-0,-0,-19.95637826960114,0.5,1.078506214484181e+20,1.078506213733542e+20,263424.1349347642,0,1.078506213733542e+20,-1078325329920,9.980999962e+17,1900003800000000,1000000000000000,3.099069113958529e+35,1000000000000000,1,5.680471288996409e-11,2.099458733527092e+32,3.849007678164286e+32,2.099458733548755e+32,-2.166305746172488e+21,2.099458733570418e+32,2.099458733548755e+32,-2.166305746172488e+21,2.099458733527092e+32,2.099458733570418e+32,0,3.849007678164286e+32,1,549588081645.9475,1,1,1,1,fusion,metastable_moscovium,,1e+18,1000000000000000,200000000000000,0.2,1000000000,100000000,5000,0,0.8,0.05,1.05,0.95,0.8,1,1,1,0,0
114,1.9000038,0,0,6371978.624577143,0,0,-20.8103837951798,978.6245771432295,-20.8103837951798,engineered_metric,saucer,0,0,0,0,0,80,80,0,0,-0.9999999986079982,-1.000000002784004,1,1.922962831357424e-16,0,1.916670500000005,1.916670498670936,0,-0,1.614592915633211e-16,0.9999999993039991,6.475971209714665e-12,48.17118369721832,4,25.13274122871834,0.9974999999999999,0.9974999999999999,1,20,5,1.005349705602145e-15,4.276982211313424e+27,4.276982211313424e+27,4.276982211286024e+27,1.387778776448831e-15,1.387778776531996e-15,1.898507867073962e-15,2.287087317212406e-15,0.9973340126059003,0.4999999999955215,0,0,0,0,0,0,1.554312229524511e-15,-0,-0,-9.978188345597193,0.5,1.078506214484181e+20,1.078506213733542e+20,263424.1349347642,0,1.078506213733542e+20,-1078325329920,9.980833295e+17,1916670500000000,1000000000000000,2.384460768144187e+37,1000000000000000,1,6.475971209714665e-12,2.099458733526908e+32,-1.841071527669059e+19,2.099458733548802e+32,-2.18947626046459e+21,2.099458733570697e+32,2.099458733548802e+32,-2.18947626046459e+21,2.099458733526908e+32,2.099458733570697e+32,0,-1.841263194719059e+19,-1,549722259878.451,1,1,1,1,fusion,metastable_moscovium,,1e+18,1000000000000000,200000000000000,0.2,1000000000,100000000,5000,0,0.8,0.05,1.05,0.95,0.8,1,1,1,0,0
115,1.9166705,0,0,6371978.276350861,0,0,-20.97668725762947,978.2763508614153,-20.97668725762947,engineered_metric,saucer,0,0,0,0,0,80,80,0,0,-0.9999999986079979,-1.000000002784004,1,1.92296275062755e-16,0,1.933337200000005,1.933337198659341,0,-0,1.101708097369868e-16,0.999999999303999,2.467472991716377e-12,48.590063555455,4,25.13274122871834,0.9974999999999999,0.9974999999999999,1,20,5,1.570092510537417e-16,-1.881540005567016e+16,-1.881540005567016e+16,-2.100942646559688e+16,3.885780580015965e-16,3.885780580716134e-16,3.185629563197107e-16,3.185662772422279e-16,0.9994656628923999,0.5000000000047305,1,0,1,1,0,0,-2.220446049273793e-16,-0,-0,-9.978187718252965,0.5,1.078506214484181e+20,1.078506213733542e+20,263424.1349347642,0,1.078506213733542e+20,-1078325329920,9.980666628e+17,1933337200000000,1000000000000000,1.642461448183363e+38,1000000000000000,1,2.467472991716377e-12,1.749548944602785e+32,-3.499097889241227e+31,2.099458733548828e+32,-3.499097889460428e+31,2.449368522494871e+32,2.099458733548828e+32,-3.499097889460428e+31,1.749548944602785e+32,2.449368522494871e+32,0,-3.499097889241227e+31,-1,118753537675.7522,1,1,1,1,fusion,metastable_moscovium,,1e+18,1000000000000000,200000000000000,0.2,1000000000,100000000,5000,0,0.8,0.05,1.05,0.95,0.8,1,1,1,0,0
116,1.9333372,0,0,6371977.925400247,0,0,-21.11222430516867,977.925400246866,-21.11222430516867,engineered_metric,saucer,0,0,0,0,0,80,80,0,0,-0.9999999986079979,-1.000000002784004,1,1.92296272120729e-16,0,1.950003900000005,1.950003898647747,0,0,8.985634040379632e-17,0.999999999303999,1.37675677244292e-12,49.00894341369169,4,25.13274122871834,0.9974999999999999,0.9974999999999999,1,20,5,1.570092493784419e-16,-1.541635242204015e+16,-1.541635242204015e+16,-1.177617699014396e+16,3.885780580011507e-16,3.885780579825028e-16,3.185629555175656e-16,6.516321350047005e-16,0.9994656628923864,0.500000000003897,1,0,1,1,0,0,-2.220446049262939e-16,-0,-0,-9.978187429825194,0.5,1.078506214484181e+20,1.078506213733542e+20,287371.7835651973,0,1.078506213733542e+20,-1078325329920,9.980499961e+17,1950003900000000,1000000000000000,5.275766392004743e+38,1000000000000000,1,1.37675677244292e-12,-3.499097889414938e+31,-2.099458733544279e+32,2.108654888252194e+21,-3.499097889625804e+31,3.499097889836669e+31,2.108654888252194e+21,-3.499097889625804e+31,-3.499097889414938e+31,3.499097889836669e+31,0,-2.099458733544279e+32,-1,118682026835.0023,1,1,1,1,fusion,metastable_moscovium,,1e+18,1000000000000000,200000000000000,0.2,1000000000,100000000,5000,0,0.8,0.05,1.05,0.95,0.8,1,1,1,0,0
117,1.9500039,0,0,6371977.573529142,0,0,-21.11222431023623,977.5735291419551,-21.11222431023623,engineered_metric,saucer,0,0,0,0,0,80,80,0,0,-0.9999999986079979,-1.000000002784004,1,9.063102429678811e-21,0,1.966670600000005,1.966670598636152,0,0,7.835359783693944e-17,0.999999999303999,9.415302466404462e-13,49.42782327192837,4,25.13274122871834,0.9974999999999999,0.9974999999999999,1,20,5,1.570092485863249e-16,-1.34343508078358e+16,-1.34343508078358e+16,-8048340965144928,5.551115110769122e-16,3.885780579909459e-16,5.356278153554491e-16,6.516315901721873e-16,0.9999999999999996,0.4117647060369281,1,0,1,1,0,0,-2.220446049257078e-16,0,0,-3.36375680414944e-07,0.5,1.078506214484181e+20,1.078506213733542e+20,287371.7835651973,0,1.078506213733542e+20,-1078325329920,9.980333294e+17,1966670600000000,1000000000000000,1.128058045780997e+39,1000000000000000,1,9.415302466404462e-13,-3.499097889416006e+31,-1.067803471649545e+19,2.121570185048662e+21,-3.499097889628163e+31,3.49909788984032e+31,2.121570185048662e+21,-3.499097889628163e+31,-3.499097889416006e+31,3.49909788984032e+31,0,-1.068000138709545e+19,-1,118707193441.304,1,1,1,1,fusion,metastable_moscovium,,1e+18,1000000000000000,200000000000000,0.2,1000000000,100000000,5000,0,0.8,0.05,1.05,0.95,0.8,1,1,1,0,0
118,1.9666706,0,0,6371977.221658037,0,0,-21.11222431293302,977.2216580370441,-21.11222431293302,engineered_metric,saucer,0,0,0,0,0,80,80,0,0,-0.9999999986079979,-1.000000002784004,1,8.147244192127128e-21,0,1.983337300000005,1.983337298624557,0,0,7.043569522884853e-17,0.999999999303999,7.382944224487276e-13,49.84670313016505,4,25.13274122871834,0.9974999999999999,0.9974999999999999,1,20,5,1.570092481061123e-16,-1.207681645844658e+16,-1.207681645844658e+16,-6311106394573988,3.885780580005122e-16,3.885780579425525e-16,3.185629549586374e-16,5.961201071875323e-16,0.9994656628923698,0.4999999999671282,1,1,1,1,1,1,2.22044604924741e-16,0,0,-2.060925096916432e-07,0.5,1.078506214484181e+20,1.078506213733542e+20,287371.7835651973,0,1.078506213733542e+20,-1078325329920,9.980166627e+17,1983337300000000,1000000000000000,1.834597616802668e+39,1000000000000000,1,7.382944224487276e-13,3.499097889064601e+31,6.998195778480607e+31,3.49909788937653e+31,-3.119280538720316e+21,3.499097889688458e+31,3.49909788937653e+31,-3.119280538720316e+21,3.499097889064601e+31,3.499097889688458e+31,0,6.998195778480607e+31,1,59349427061.2025,1,1,1,1,fusion,metastable_moscovium,,1e+18,1000000000000000,200000000000000,0.2,1000000000,100000000,5000,0,0.8,0.05,1.05,0.95,0.8,1,1,1,0,0
119,1.9833373,0,0,6371976.86970378,0,0,-21.15296890952179,976.8697037799284,-21.15296890952179,engineered_metric,saucer,0,0,0,0,0,80,80,0,0,-0.9999999986079979,-1.000000002784004,1,1.922962689634545e-16,0,2.000004000000005,2.000003998612963,0,0,6.421046910313585e-17,0.999999999303999,6.439625642472592e-13,50.26558298840173,4,25.13274122871834,0.9974999999999999,0.9974999999999999,1,20,5,1.570092477649481e-16,-1.103012680126676e+16,-1.103012680126676e+16,-5515078253331916,3.608224823850026e-16,3.885780580006286e-16,2.82895600088051e-16,6.516310224004797e-16,0.99946566289237,0.5185185185490687,1,1,1,1,1,1,2.220446049250314e-16,0,0,-9.837266665878109e-08,0.5,1.078506214484181e+20,1.078506213733542e+20,287371.7835651973,0,1.078506213733542e+20,-1078325329920,9.97999996e+17,2000004000000000,1000000000000000,2.411452756065964e+39,1000000000000000,1,6.439625642472592e-13,-1.756052192497748e+21,-3.499097889240206e+31,3.49909788937652e+31,-3.499097889552125e+31,6.998195778928644e+31,3.49909788937652e+31,-3.499097889552125e+31,-1.756052192497748e+21,6.998195778928644e+31,0,-3.499097889240206e+31,-1,33758429.33456013,1,1,1,1,fusion,metastable_moscovium,,1e+18,1000000000000000,200000000000000,0.2,1000000000,100000000,5000,0,0.8,0.05,1.05,0.95,0.8,1,1,1,0,0
