step,time,pos_x,pos_y,pos_z,vel_x,vel_y,vel_z,altitude,vertical_vel,metric_model,ship_type,c,k,phi,phase_error,lock_quality,omega_drive,omega_0,drive_power,energy,metric_g00,metric_det,metric_signature_valid,christoffel_norm,invariant_error,coordinate_time,proper_time,beta_x,beta_y,beta_z,lapse_alpha,drive_authority,drive_phase_rad,drive_frequency_hz,drive_omega_rad_s,drive_coherence,drive_lock_quality,mode_count,bubble_radius,wall_thickness,einstein_tensor_norm,stress_energy_density,instantaneous_stress_energy_density,cycle_avg_stress_energy_density,cockpit_curvature_norm,bubble_wall_curvature_norm,cockpit_tidal_stress,bubble_wall_tidal_stress,phase_cancellation_score,phase_confinement_score,negative_energy_flag,nec_violation_flag,negative_energy_instant,negative_energy_cycle_avg,nec_violation_instant,nec_violation_cycle_avg,curvature_scalar,geodesic_accel_diagnostic_x,geodesic_accel_diagnostic_y,geodesic_accel_diagnostic_z,metric_derivative_step_m,craft_rest_energy_j,craft_coordinate_energy_j,craft_kinetic_energy_j,craft_energy_delta_j,conserved_energy_j,conserved_energy_error_j,drive_energy_available_j,drive_energy_spent_j,drive_power_w,drive_power_requested_w,drive_power_actual_w,requested_drive_authority,actual_drive_authority,estimated_metric_energy_j,estimated_field_energy_delta_j,estimated_positive_energy_j,estimated_negative_energy_j,estimated_stress_energy_cost_j,positive_energy_j,negative_energy_j,net_stress_energy_j,absolute_stress_energy_j,unfunded_energy_debt_j,conservation_error_j,conservation_error_ratio,stress_energy_conservation_residual,stress_energy_conservation_valid,power_clamped,metric_unfunded,metric_valid
0,0,0,0,6371999.997228285,0,0,-0.3326068947978044,999.9972282852978,-0.3326068947978044,engineered_metric,saucer,0,0,0,0,0,80,80,0,0,-0.999999998608003,-1.000000002783993,1,1.2362920367614e-15,16,0.0166667,0.01666669998590691,0,0,7.232758769147547e-17,0.9999999993040015,3.781861114211985e-13,0.41887985823668,4,25.13274122871834,1,1,1,30,8,1.005349704442525e-15,-4.276982211341095e+27,-4.276982211341095e+27,-4.276982211340979e+27,1.221245323378522e-15,1.387778776490802e-15,1.95899876191728e-15,1.898507917320259e-15,0.996802520015255,0.5319148936034396,1,1,1,1,1,1,-1.55431222952985e-15,0,0,-19.95637377512072,0.5,1.078506214484181e+20,1.078506213733542e+20,0,537763315712,1.078506213733542e+20,537763315712,9.999833333e+17,16666700000000,1000000000000000,6.991797613858463e+39,1000000000000000,1,3.781861114211985e-13,-7.372896049655537e+32,-7.372896049655537e+32,0,-7.372896049655537e+32,7.372896049655537e+32,0,-7.372896049655537e+32,-7.372896049655537e+32,7.372896049655537e+32,0,-7.372896049655537e+32,-1,11967739.31757486,1,1,1,1
1,0.0166667,0,0,6371999.98891311,0,0,-0.665213787630785,999.988913109526,-0.6652137876307849,engineered_metric,saucer,0,0,0,0,0,80,80,0,0,-0.999999998608003,-1.000000002783993,1,1.236292036519458e-15,16,0.0333334,0.03333339997430691,0,0,6.593986036315968e-17,0.9999999993040015,3.952743753468053e-13,0.83775971647336,4,25.13274122871834,1,1,1,30,8,1.005349704352232e-15,-4.276982211341291e+27,-4.276982211341291e+27,-4.276982211341116e+27,1.221245323378405e-15,1.387778776524015e-15,1.958998761866299e-15,1.898507908649729e-15,0.996802520015255,0.5319148936137424,1,1,1,1,1,1,-1.554312229529839e-15,-0,-0,-19.95637370984598,0.5,1.078506214484181e+20,1.078506213733542e+20,0,0,1.078506213733542e+20,537763315712,9.999666666e+17,33333400000000,1000000000000000,6.400334586725147e+39,1000000000000000,1,3.952743753468053e-13,-7.372895976130872e+32,7.352466503526194e+24,0,-7.372895976130872e+32,7.372895976130872e+32,0,-7.372895976130872e+32,-7.372895976130872e+32,7.372895976130872e+32,0,7.352466503493398e+24,0.9999999999909328,33686497.48838554,1,1,1,1
2,0.0333334,0,0,6371999.975054474,0,0,-0.9978206784689247,999.9750544736162,-0.9978206784689247,engineered_metric,saucer,0,0,0,0,0,80,80,0,0,-0.999999998608003,-1.000000002783993,1,1.236292036254617e-15,16,0.0500001,0.05000009996270698,0,0,5.928617314746292e-17,0.9999999993040015,4.531582537056089e-13,1.25663957471004,4,25.13274122871834,1,1,1,30,8,1.005349704268428e-15,-4.276982211341442e+27,-4.276982211341442e+27,-4.276982211341303e+27,1.221245323378286e-15,1.387778776556551e-15,1.958998761818325e-15,1.898507900468105e-15,0.996802520015255,0.5319148936141201,1,1,1,1,1,1,-1.55431222952982e-15,-0,-0,-19.95637357731786,0.5,1.078506214484181e+20,1.078506213733542e+20,0,0,1.078506213733542e+20,537763315712,9.999499999e+17,50000100000000,1000000000000000,4.869677616967455e+39,1000000000000000,1,4.531582537056089e-13,-7.372895976131483e+32,-6.110483974416289e+19,0,-7.372895976131483e+32,7.372895976131483e+32,0,-7.372895976131483e+32,-7.372895976131483e+32,7.372895976131483e+32,0,-6.110488974426289e+19,-1,474839892836.6221,1,1,1,1
3,0.0500001,0,0,6371999.955652378,0,0,-1.330427567036783,999.9556523775682,-1.330427567036783,engineered_metric,saucer,0,0,0,0,0,80,80,0,0,-0.999999998608003,-1.000000002783993,1,1.236292035934401e-15,16,0.0666668,0.06666679995110691,-0,0,5.171406371509063e-17,0.9999999993040015,5.778296180012849e-13,1.67551943294672,4,25.13274122871834,1,1,1,30,8,1.005349704185517e-15,-4.276982211341534e+27,-4.276982211341534e+27,-4.276982211341614e+27,1.221245323378158e-15,1.38777877659058e-15,1.958998761770075e-15,1.898507892212409e-15,0.996802520015255,0.5319148936123964,1,1,1,1,1,1,-1.554312229529793e-15,-0,-0,-19.95637341708035,0.5,1.078506214484181e+20,1.078506213733542e+20,0,0,1.078506213733542e+20,537763315712,9.999333332e+17,66666800000000,1000000000000000,2.995024658093913e+39,1000000000000000,1,5.778296180012849e-13,-7.372895976132092e+32,-6.096072455608703e+19,0,-7.372895976132092e+32,7.372895976132092e+32,0,-7.372895976132092e+32,-7.372895976132092e+32,7.372895976132092e+32,0,-6.096079122288703e+19,-1,36039076.31474479,1,1,1,1
4,0.0666668,0,0,6371999.930706821,0,0,-1.663034452755298,999.930706821382,-1.663034452755298,engineered_metric,saucer,0,0,0,0,0,80,80,0,0,-0.999999998608003,-1.000000002783993,1,1.236292035660589e-15,16,0.08333349999999999,0.08333349993950678,-0,0,4.221131508984818e-17,0.9999999993040015,8.44702279689685e-13,2.0943992911834,4,25.13274122871834,1,1,1,30,8,1.005349704099296e-15,-4.276982211341545e+27,-4.276982211341545e+27,-4.276982211342238e+27,1.221245323378014e-15,1.387778776627694e-15,1.958998761718997e-15,1.898507883442474e-15,0.996802520015255,0.5319148936061942,1,1,1,1,1,1,-1.554312229529756e-15,-0,-0,-19.95637319830178,0.5,1.078506214484181e+20,1.078506213733542e+20,0,0,1.078506213733542e+20,537763315712,9.999166665e+17,83333500000000,1000000000000000,1.401498597450138e+39,1000000000000000,1,8.44702279689685e-13,-7.372895976132702e+32,-6.096072455608703e+19,0,-7.372895976132702e+32,7.372895976132702e+32,0,-7.372895976132702e+32,-7.372895976132702e+32,7.372895976132702e+32,0,-6.096080788958704e+19,-1,19122864.59270418,1,1,1,1
5,0.0833335,0,0,6371999.900217804,0,0,-1.995641334475,999.9002178041264,-1.995641334475,engineered_metric,saucer,0,0,0,0,0,80,80,0,0,-0.999999998608003,-1.000000002783993,1,1.236292035423212e-15,16,0.1000002,0.1000001999279067,-0,0,2.887760715215604e-17,0.9999999993040015,1.512917236337307e-12,2.51327914942008,4,25.13274122871834,1,1,1,30,8,1.005349704009575e-15,-4.276982211341419e+27,-4.276982211341419e+27,-4.276982211343816e+27,1.221245323377865e-15,1.387778776664971e-15,1.958998761664922e-15,1.898507874123826e-15,0.996802520015255,0.531914893586751,1,1,1,1,1,1,-1.55431222952971e-15,-0,-0,-19.95637284426038,0.5,1.078506214484181e+20,1.078506213733542e+20,0,0,1.078506213733542e+20,537763315712,9.998999998e+17,100000200000000,1000000000000000,4.36887539698924e+38,1000000000000000,1,1.512917236337307e-12,-7.372895976133313e+32,-6.110483974416289e+19,0,-7.372895976133313e+32,7.372895976133313e+32,0,-7.372895976133313e+32,-7.372895976133313e+32,7.372895976133313e+32,0,-6.110493974436289e+19,-1,474846358179.7277,1,1,1,1
6,0.1000002,0,0,6371999.864185327,0,0,-2.328248210123466,999.8641853267327,-2.328248210123466,engineered_metric,saucer,0,0,0,0,0,80,80,0,0,-0.999999998608003,-1.000000002783993,1,1.236292035521714e-15,16,0.1166669,0.1166668999163066,-0,0,8.653315610516301e-18,0.9999999993040015,3.962323738079019e-12,2.932159007656761,4,25.13274122871834,1,1,1,30,8,1.005349703938963e-15,-4.27698221134105e+27,-4.27698221134105e+27,-4.276982211349863e+27,1.221245323377911e-15,1.387778776649343e-15,1.958998761621862e-15,1.898507866631295e-15,0.996802520015255,0.5319148936320079,1,1,1,1,1,1,-1.554312229529696e-15,-0,-0,-19.95637207709081,0.5,1.078506214484181e+20,1.078506213733542e+20,23947.64863043311,0,1.078506213733542e+20,537763315712,9.998833331e+17,116666900000000,1000000000000000,6.369422935884274e+37,1000000000000000,1,3.962323738079019e-12,-7.372895976133924e+32,-6.110483974416289e+19,0,-7.372895976133924e+32,7.372895976133924e+32,0,-7.372895976133924e+32,-7.372895976133924e+32,7.372895976133924e+32,0,-6.110495641106289e+19,-1,237418850115.7587,1,1,1,1
7,0.1166669,0,0,6371999.822609389,0,0,-2.660855105853853,999.8226093892008,-2.660855105853853,engineered_metric,saucer,0,0,0,0,0,80,80,0,0,-0.9999999986080026,-1.000000002783995,1,1.236292047794071e-15,16,0.1333336,0.1333335999047069,0,-0,7.701238215979095e-17,0.9999999993040013,3.525951879642402e-11,3.35103886589344,4,25.13274122871834,1,1,1,30,8,9.420554718527856e-16,4.276982211338858e+27,4.276982211338858e+27,4.276982211249664e+27,1.054711869689966e-15,1.221245321014195e-15,1.744994633781628e-15,2.017570704012711e-15,0.9968025200153509,0.5365853662037985,0,0,0,0,0,0,1.332267624603221e-15,-0,-0,-19.95636831060162,0.5,1.078506214484181e+20,1.078506213733542e+20,23947.64863043311,-16384,1.078506213733542e+20,537763299328,9.998666664e+17,133333600000000,1000000000000000,8.043540225339763e+35,1000000000000000,1,3.525951879642402e-11,-7.372895976134612e+32,-6.874294471218325e+19,0,-7.372895976134612e+32,7.372895976134612e+32,0,-7.372895976134612e+32,-7.372895976134612e+32,7.372895976134612e+32,0,-6.874307804578325e+19,-1,22269591.24092437,1,1,1,1
8,0.1333336,0,0,6371999.775489992,0,0,-2.993462174418902,999.7754899915308,-2.993462174418902,engineered_metric,saucer,0,0,0,0,0,80,80,0,0,-0.9999999986080026,-1.000000002783995,1,1.236292066966771e-15,0,0.1500003,0.1500002998931071,0,-0,6.510141299420958e-16,0.9999999993040013,3.410582763970631e-11,3.76991872413012,4,25.13274122871834,1,1,1,30,8,1.005349742188723e-15,4.276982211321993e+27,4.276982211321993e+27,4.276982211242102e+27,1.22124532339229e-15,1.387778771677727e-15,1.958998785581261e-15,2.231578950366275e-15,0.9968025200153596,0.5319148933680566,0,0,0,0,0,0,1.554312229524895e-15,-0,-0,-19.9563791709195,0.5,1.078506214484181e+20,1.078506213733542e+20,23947.64863043311,16384,1.078506213733542e+20,537763315712,9.998499997e+17,150000300000000,1000000000000000,8.596918589870514e+35,1000000000000000,1,3.410582763970631e-11,7.37289597612545e+32,1.474579195226006e+33,7.372895976130941e+32,-5.490238962250269e+20,7.372895976136432e+32,7.372895976130941e+32,-5.490238962250269e+20,7.37289597612545e+32,7.372895976136432e+32,0,1.474579195226006e+33,1,949648838401.7007,1,1,1,1
9,0.1500003,0,0,6371999.722827133,0,0,-3.326069106824059,999.7228271327913,-3.326069106824059,engineered_metric,saucer,0,0,0,0,0,80,80,0,0,-0.9999999986080026,-1.000000002783995,1,1.236292041928227e-15,0,0.166667,0.1666669998815074,0,-0,1.979551414896372e-16,0.9999999993040013,3.961264087857605e-12,4.188798582366799,4,25.13274122871834,1,1,1,30,8,1.005349707435113e-15,4.276982211334512e+27,4.276982211334512e+27,4.27698221132817e+27,1.221245323380933e-15,1.221245322561046e-15,1.958998763831347e-15,1.958999211198561e-15,0.9968025200152686,0.5000000000501611,0,0,0,0,0,0,1.554312229528904e-15,-0,-0,-19.95637558430053,0.5,1.078506214484181e+20,1.078506213733542e+20,23947.64863043311,0,1.078506213733542e+20,537763315712,9.99833333e+17,166667000000000,1000000000000000,6.372831071778178e+37,1000000000000000,1,3.961264087857605e-12,6.144079980103044e+32,-1.228815996022406e+32,7.372895976131043e+32,-1.228815996027998e+32,8.601711972159041e+32,7.372895976131043e+32,-1.228815996027998e+32,6.144079980103044e+32,8.601711972159041e+32,0,-1.228815996022406e+32,-1,49165017.74934813,1,1,1,1
10,0.166667,0,0,6371999.664620814,0,0,-3.658676020478979,999.6646208139136,-3.658676020478979,engineered_metric,saucer,0,0,0,0,0,80,80,0,0,-0.9999999986080026,-1.000000002783995,1,1.23629203902812e-15,0,0.1833337,0.1833336998699077,0,-0,1.354032299241213e-16,0.9999999993040013,1.512921683515739e-12,4.60767844060348,4,25.13274122871834,1,1,1,30,8,1.005349705555303e-15,4.276982211336104e+27,4.276982211336104e+27,4.27698221133555e+27,1.387778776454086e-15,1.221245323347603e-15,1.842996715303147e-15,1.903487820968814e-15,0.9973340126058291,0.4680851064024812,0,0,0,0,0,0,1.554312229529392e-15,-0,-0,-19.95637481757976,0.5,1.078506214484181e+20,1.078506213733542e+20,23947.64863043311,0,1.078506213733542e+20,537763315712,9.998166663e+17,183333700000000,1000000000000000,4.368849712725349e+38,1000000000000000,1,1.512921683515739e-12,6.144079980102434e+32,-6.096072455608703e+19,7.372895976131128e+32,-1.228815996028694e+32,8.601711972159823e+32,7.372895976131128e+32,-1.228815996028694e+32,6.144079980102434e+32,8.601711972159823e+32,0,-6.096090788978704e+19,-1,726414021845.941,1,1,1,1
11,0.1833337,0,0,6371999.600871035,0,0,-3.991282926673609,999.6008710348979,-3.991282926673609,engineered_metric,saucer,0,0,0,0,0,80,80,0,0,-0.9999999986080026,-1.000000002783995,1,1.236292038032665e-15,0,0.2000003999999999,0.2000003998583079,0,0,1.105148881825875e-16,0.9999999993040013,8.447268983764266e-13,5.026558298840159,4,25.13274122871834,1,1,1,30,8,1.005349705003063e-15,4.276982211336645e+27,4.276982211336645e+27,4.276982211337638e+27,1.387778776454152e-15,1.221245323361922e-15,1.842996715047217e-15,1.903487750662304e-15,0.9973340126058269,0.4680851064042455,0,0,0,0,0,0,1.554312229529583e-15,-0,-0,-19.95637446354755,0.5,1.078506214484181e+20,1.078506213733542e+20,23947.64863043311,0,1.078506213733542e+20,537763315712,9.997999996e+17,200000400000000,1000000000000000,1.40141690820305e+39,1000000000000000,1,8.447268983764266e-13,6.144079980101824e+32,-6.096072455608703e+19,7.372895976131213e+32,-1.22881599602939e+32,8.601711972160604e+32,7.372895976131213e+32,-1.22881599602939e+32,6.144079980101824e+32,8.601711972160604e+32,0,-6.096092455648703e+19,-1,474799290866.6522,1,1,1,1
12,0.2000004,0,0,6371999.531577796,0,0,-4.323889828636253,999.5315777957439,-4.323889828636253,engineered_metric,saucer,0,0,0,0,0,80,80,0,0,-0.9999999986080026,-1.000000002783995,1,1.236292037588423e-15,0,0.2166670999999999,0.2166670998467082,0,0,9.639693246216801e-17,0.9999999993040013,5.77849999882818e-13,5.445438157076839,4,25.13274122871834,1,1,1,30,8,1.005349704739123e-15,4.276982211336896e+27,4.276982211336896e+27,4.276982211338482e+27,1.387778776454191e-15,1.221245323369627e-15,1.842996714925001e-15,1.903487717106148e-15,0.997334012605826,0.4680851064030144,0,0,0,0,0,0,1.554312229529696e-15,-0,-0,-19.95637424476263,0.5,1.078506214484181e+20,1.078506213733542e+20,23947.64863043311,0,1.078506213733542e+20,537763315712,9.997833329e+17,216667100000000,1000000000000000,2.994813381253179e+39,1000000000000000,1,5.77849999882818e-13,6.144079980101214e+32,-6.103278215012496e+19,7.372895976131301e+32,-1.228815996030086e+32,8.601711972161387e+32,7.372895976131301e+32,-1.228815996030086e+32,6.144079980101214e+32,8.601711972161387e+32,0,-6.103299881722496e+19,-1,474827489008.2464,1,1,1,1
13,0.2166671,0,0,6371999.456741096,0,0,-4.656496727682663,999.4567410964519,-4.656496727682663,engineered_metric,saucer,0,0,0,0,0,80,80,0,0,-0.9999999986080026,-1.000000002783995,1,1.236292037268196e-15,0,0.2333337999999999,0.2333337998351084,0,0,8.666869307716647e-17,0.9999999993040013,4.531761548472198e-13,5.864318015313518,4,25.13274122871834,1,1,1,30,8,1.00534970457823e-15,4.27698221133704e+27,4.27698221133704e+27,4.27698221133886e+27,1.387778776454222e-15,1.221245323374741e-15,1.842996714850495e-15,1.903487696648377e-15,0.9973340126058255,0.4680851064023517,0,0,0,0,0,0,1.554312229529779e-15,-0,-0,-19.95637408451935,0.5,1.078506214484181e+20,1.078506213733542e+20,23947.64863043311,0,1.078506213733542e+20,537763315712,9.997666662e+17,233333800000000,1000000000000000,4.86929290534501e+39,1000000000000000,1,4.531761548472198e-13,6.144079980100605e+32,-6.096072455608703e+19,7.372895976131388e+32,-1.228815996030783e+32,8.601711972162169e+32,7.372895976131388e+32,-1.228815996030783e+32,6.144079980100605e+32,8.601711972162169e+32,0,-6.096095788988704e+19,-1,474830544199.7939,1,1,1,1
14,0.2333338,0,0,6371999.376360936,0,0,-4.989103624434285,999.3763609360904,-4.989103624434285,engineered_metric,saucer,0,0,0,0,0,80,80,0,0,-0.9999999986080026,-1.000000002783995,1,1.236292037003345e-15,16,0.2500004999999999,0.2500004998235087,0,0,7.901384773030289e-17,0.9999999993040013,3.952921806021085e-13,6.283197873550198,4,25.13274122871834,1,1,1,30,8,1.005349704464022e-15,4.276982211337146e+27,4.276982211337146e+27,4.276982211339e+27,1.387778776454249e-15,1.221245323378647e-15,1.842996714797503e-15,1.903487682079528e-15,0.9973340126058255,0.4680851064031432,0,0,0,0,0,0,1.554312229529852e-15,-0,-0,-19.95637395198612,0.5,1.078506214484181e+20,1.078506213733542e+20,23947.64863043311,0,1.078506213733542e+20,537763315712,9.997499995e+17,250000500000000,1000000000000000,6.399758015619628e+39,1000000000000000,1,3.952921806021085e-13,6.144079980099995e+32,-6.096072455608703e+19,7.372895976131474e+32,-1.228815996031479e+32,8.601711972162953e+32,7.372895976131474e+32,-1.228815996031479e+32,6.144079980099995e+32,8.601711972162953e+32,0,-6.096097455658703e+19,-1,549741133825.9117,1,1,1,1
15,0.2500005,0,0,6371999.290960344,0,0,-5.211118614968462,999.2909603435546,-5.211118614968462,engineered_metric,saucer,0,0,0,0,0,80,80,0,0,-0.9999999986080026,-1.000000002783995,1,1.236292036761392e-15,16,0.2666671999999999,0.266667199811909,0,0,7.233041692914455e-17,0.9999999993040013,3.782062817179783e-13,6.702077731786877,4,25.13274122871834,1,1,1,30,8,1.00534970437401e-15,4.276982211337321e+27,4.276982211337321e+27,4.276982211339004e+27,1.387778776454275e-15,1.22124532338196e-15,1.842996714755433e-15,1.903487670460965e-15,0.9973340126058253,0.4680851064038141,0,0,0,0,0,0,1.554312229529919e-15,-0,-0,-19.95637383091143,0.5,1.078506214484181e+20,1.078506213733542e+20,23947.64863043311,0,1.078506213733542e+20,537763315712,9.997333328e+17,266667200000000,1000000000000000,6.991051868062406e+39,1000000000000000,1,3.782062817179783e-13,6.144079980099385e+32,-6.096072455608703e+19,7.372895976131561e+32,-1.228815996032176e+32,8.601711972163737e+32,7.372895976131561e+32,-1.228815996032176e+32,6.144079980099385e+32,8.601711972163737e+32,0,-6.096099122328704e+19,-1,118715747132.8726,1,1,1,1
16,0.2666672,0,0,6371999.202722328,0,0,-5.377422059937392,999.2027223277837,-5.377422059937392,engineered_metric,saucer,0,0,0,0,0,80,80,0,0,-0.9999999986080026,-1.000000002783995,1,1.922962679497813e-16,16,0.2833338999999999,0.2833338998003092,0,0,6.594250966329297e-17,0.9999999993040013,3.952968871849478e-13,7.120957590023557,4,25.13274122871834,1,1,1,30,8,1.005349704297633e-15,4.276982211337537e+27,4.276982211337537e+27,4.276982211338866e+27,1.38777877645455e-15,1.221245323385003e-15,1.898507865950535e-15,1.90348766031673e-15,0.9973340126058255,0.4680851064032308,0,0,0,0,0,0,1.554312229529986e-15,-0,-0,-9.978186794378125,0.5,1.078506214484181e+20,1.078506213733542e+20,23947.64863043311,0,1.078506213733542e+20,537763315712,9.997166661e+17,283333900000000,1000000000000000,6.399605619722206e+39,1000000000000000,1,3.952968871849478e-13,6.144079980098972e+32,-4.136105897777064e+19,7.372895976131613e+32,-1.228815996032641e+32,8.601711972164253e+32,7.372895976131613e+32,-1.228815996032641e+32,6.144079980098972e+32,8.601711972164253e+32,0,-4.136134231167064e+19,-1,7574716.457291478,1,1,1,1
17,0.2833339,0,0,6371999.111712581,0,0,-5.543725502911354,999.1117125814781,-5.543725502911353,engineered_metric,saucer,0,0,0,0,0,80,80,0,0,-0.9999999986080026,-1.000000002783995,1,1.922962670983774e-16,16,0.3000005999999998,0.3000005997887095,0,0,5.928884434340548e-17,0.9999999993040013,4.531877043670473e-13,7.539837448260236,4,25.13274122871834,1,1,1,30,8,1.005349704226213e-15,4.276982211337787e+27,4.276982211337787e+27,4.27698221133851e+27,1.387778776454694e-15,1.221245323277164e-15,1.898507865916461e-15,1.95899880190034e-15,0.997334012605826,0.4680851064098913,0,0,0,0,0,0,1.554312229530056e-15,-0,-0,-9.978186661840969,0.5,1.078506214484181e+20,1.078506213733542e+20,23947.64863043311,0,1.078506213733542e+20,537763315712,9.996999994e+17,300000600000000,1000000000000000,4.869044719978109e+39,1000000000000000,1,4.531877043670473e-13,6.144079980098668e+32,-3.040830468400559e+19,7.372895976131656e+32,-1.228815996032988e+32,8.601711972164645e+32,7.372895976131656e+32,-1.228815996032988e+32,6.144079980098668e+32,8.601711972164645e+32,0,-3.040860468460559e+19,-1,4257707.580900413,1,1,1,1
18,0.3000006,0,0,6371999.017931106,0,0,-5.710028943614812,999.017931105569,-5.710028943614812,engineered_metric,saucer,0,0,0,0,0,80,80,0,0,-0.9999999986080026,-1.000000002783995,1,1.922962660689293e-16,16,0.3166672999999998,0.3166672997771097,-0,0,5.171696041401057e-17,0.9999999993040013,5.778760739314459e-13,7.958717306496916,4,25.13274122871834,1,1,1,30,8,1.005349704154865e-15,4.276982211338105e+27,4.276982211338105e+27,4.276982211337785e+27,1.387778776454846e-15,1.221245323243369e-15,1.898507865882222e-15,1.958998792221845e-15,0.9973340126058269,0.4680851064002328,0,0,0,0,0,0,1.554312229530133e-15,-0,-0,-9.978186501587849,0.5,1.078506214484181e+20,1.078506213733542e+20,23947.64863043311,0,1.078506213733542e+20,537763315712,9.996833327e+17,316667300000000,1000000000000000,2.994543132486716e+39,1000000000000000,1,5.778760739314459e-13,6.144079980098363e+32,-3.048036227804352e+19,7.372895976131699e+32,-1.228815996033337e+32,8.601711972165034e+32,7.372895976131699e+32,-1.228815996033337e+32,6.144079980098363e+32,8.601711972165034e+32,0,-3.048067894534352e+19,-1,474844805212.0109,1,1,1,1
19,0.3166673,0,0,6371998.921377899,0,0,-5.87633238146848,998.9213778991252,-5.87633238146848,engineered_metric,saucer,0,0,0,0,0,80,80,0,0,-0.9999999986080026,-1.000000002783995,1,1.922962651927422e-16,16,0.3333339999999999,0.33333399976551,-0,0,4.221457112632415e-17,0.9999999993040013,8.447943122644129e-13,8.377597164733597,4,25.13274122871834,1,1,1,30,8,1.005349704079885e-15,4.276982211338549e+27,4.276982211338549e+27,4.27698221133625e+27,1.387778776455015e-15,1.221245323206489e-15,1.898507865846013e-15,1.958998781943745e-15,0.9973340126058284,0.4680851064136732,0,0,0,0,0,0,1.554312229530221e-15,-0,-0,-9.978186282776164,0.5,1.078506214484181e+20,1.078506213733542e+20,23947.64863043311,0,1.078506213733542e+20,537763315712,9.99666666e+17,333334000000000,1000000000000000,1.401193253304838e+39,1000000000000000,1,8.447943122644129e-13,6.144079980098057e+32,-3.062447746611937e+19,7.372895976131742e+32,-1.228815996033686e+32,8.601711972165426e+32,7.372895976131742e+32,-1.228815996033686e+32,6.144079980098057e+32,8.601711972165426e+32,0,-3.062481080011937e+19,-1,20514996.16469435,1,1,1,1
20,0.333334,0,0,6371998.822052963,0,0,-6.042635815322283,998.822052963078,-6.042635815322283,engineered_metric,saucer,0,0,0,0,0,80,80,0,0,-0.9999999986080026,-1.000000002783995,1,1.922962644273272e-16,16,0.3500006999999998,0.3500006997539102,-0,0,2.888089011129955e-17,0.9999999993040013,1.513162384028806e-12,8.796477022970276,4,25.13274122871834,1,1,1,30,8,1.570092465276302e-16,-1614208435137522,-1614208435137522,-8452303890144501,3.885780580015724e-16,2.220446047158081e-16,2.630518040832671e-16,3.235427383327404e-16,0.99946566289237,0.3636363640626816,1,1,1,1,1,1,2.220446049254949e-16,-0,-0,-9.978185928650122,0.5,1.078506214484181e+20,1.078506213733542e+20,23947.64863043311,0,1.078506213733542e+20,537763315712,9.996499993e+17,350000700000000,1000000000000000,4.367459907189493e+38,1000000000000000,1,1.513162384028806e-12,6.144079980097751e+32,-3.055241987208144e+19,7.372895976131785e+32,-1.228815996034035e+32,8.601711972165821e+32,7.372895976131785e+32,-1.228815996034035e+32,6.144079980097751e+32,8.601711972165821e+32,0,-3.055276987278144e+19,-1,2153309.807139988,1,1,1,1
21,0.3500007,0,0,6371998.719956296,0,0,-6.208939243099441,998.7199562964961,-6.208939243099441,engineered_metric,saucer,0,0,0,0,0,80,80,0,0,-0.9999999986080024,-1.000000002783995,1,1.92296264741402e-16,16,0.3666673999999998,0.3666673997423105,-0,0,8.655691615769028e-18,0.9999999993040012,3.963922448060763e-12,9.215356881206956,4,25.13274122871834,1,1,1,30,8,1.57009246125988e-16,-495893678789867.7,-495893678789867.7,-2.269687317358901e+16,3.885780580010796e-16,2.22044604728173e-16,5.961187101000506e-16,3.23542703134221e-16,0.9994656628923698,0.3636363637990722,1,0,1,1,0,0,-2.220446049245897e-16,-0,-0,-9.978185160956011,0.5,1.078506214484181e+20,1.078506213733542e+20,23947.64863043311,0,1.078506213733542e+20,537763315712,9.996333326e+17,366667400000000,1000000000000000,6.364286202404705e+37,1000000000000000,1,3.963922448060763e-12,-1.228815996032818e+32,-7.372895976130569e+32,1.024889377502828e+21,-1.228815996043067e+32,1.228815996053316e+32,1.024889377502828e+21,-1.228815996043067e+32,-1.228815996032818e+32,1.228815996053316e+32,0,-7.372895976130569e+32,-1,780463.9354260881,1,1,1,1
22,0.3666674,0,0,6371998.6150879,0,0,-6.375242690971187,998.6150879003108,-6.375242690971187,engineered_metric,saucer,0,0,0,0,0,80,80,0,0,-0.9999999986080024,-1.000000002783995,1,1.922963034813063e-16,-16,0.3833340999999998,0.3833340997307108,0,-0,7.544034886590487e-17,0.9999999993040012,3.453595415590055e-11,9.634236739443635,4,25.13274122871834,1,1,1,30,8,1.570092490658792e-16,-4427183148666633,-4427183148666633,-2.025604335472552e+17,3.885780580022013e-16,2.220446050844389e-16,3.185629549250927e-16,2.680318126947654e-16,0.9994656628925926,0.3636363638393003,1,0,1,1,0,0,-2.220446049289835e-16,-0,-0,-9.978181508746799,0.5,1.078506214484181e+20,1.078506213733542e+20,23947.64863043311,16384,1.078506213733542e+20,537763332096,9.996166659e+17,383334100000000,1000000000000000,8.384112201739959e+35,1000000000000000,1,3.453595415590055e-11,1.228815996010368e+32,2.457631992043187e+32,1.228815996027513e+32,-1.714488577373607e+21,1.228815996044658e+32,1.228815996027513e+32,-1.714488577373607e+21,1.228815996010368e+32,1.228815996044658e+32,0,2.457631992043187e+32,1,59366178926.12444,1,1,1,1
23,0.3833341,0,0,6371998.507447774,0,0,-6.541546313824138,998.5074477735907,-6.541546313824138,engineered_metric,saucer,0,0,0,0,0,80,80,0,0,-0.9999999986080024,-1.000000002783995,1,1.922963681939848e-16,-16,0.4000007999999998,0.400000799719111,0,-0,6.591235464866333e-16,0.9999999993040012,3.452962898015053e-11,10.05311659768032,4,25.13274122871834,1,1,1,30,8,1.570094721996764e-16,-3.959549231218666e+16,-3.959549231218666e+16,-2.073112687521322e+17,3.885780580051958e-16,2.220446053774656e-16,3.185630298333106e-16,2.680517117986416e-16,0.9994656628925993,0.3636363641292401,1,0,1,1,0,0,-2.220446049364972e-16,-0,-0,-9.978192322136978,0.5,1.078506214484181e+20,1.078506213733542e+20,23947.64863043311,0,1.078506213733542e+20,537763332096,9.995999992e+17,400000800000000,1000000000000000,8.38718410502346e+35,1000000000000000,1,3.452962898015053e-11,1.228815996010063e+32,-3.055241987208144e+19,1.22881599602767e+32,-1.760715698660436e+21,1.228815996045277e+32,1.22881599602767e+32,-1.760715698660436e+21,1.228815996010063e+32,1.228815996045277e+32,0,-3.055281987288143e+19,-0.9999999999999989,414715057.3172818,1,1,1,1
24,0.4000008,0,0,6371998.397035916,0,0,-6.70784979837972,998.3970359163359,-6.70784979837972,engineered_metric,saucer,0,0,0,0,0,80,80,0,0,-0.9999999986080024,-1.000000002783995,1,1.922962854510188e-16,-16,0.4166674999999997,0.4166674997075113,0,-0,1.980335445920515e-16,0.9999999993040012,3.96277903132102e-12,10.47199645591699,4,25.13274122871834,1,1,1,30,8,1.570092664017951e-16,-1.216982621442381e+16,-1.216982621442381e+16,-2.433879918814326e+16,3.885780580014275e-16,2.220446050018513e-16,3.18562960766793e-16,2.680333688132521e-16,0.9994656628923966,0.363636363980708,1,0,1,1,0,0,-2.220446049270199e-16,-0,-0,-9.978188669543918,0.5,1.078506214484181e+20,1.078506213733542e+20,47895.29726086622,0,1.078506213733542e+20,537763332096,9.995833325e+17,416667500000000,1000000000000000,6.367959423231252e+37,1000000000000000,1,3.96277903132102e-12,1.228815996009724e+32,-3.388508359633561e+19,1.228815996027842e+32,-1.811857796546202e+21,1.228815996045961e+32,1.228815996027842e+32,-1.811857796546202e+21,1.228815996009724e+32,1.228815996045961e+32,0,-3.388550026383561e+19,-1,118768040323.3192,1,1,1,1
25,0.4166675,0,0,6371998.283964863,0,0,-6.826756543801548,998.283964863047,-6.826756543801548,engineered_metric,saucer,0,0,0,0,0,80,80,0,0,-0.9999999986080024,-1.000000002783995,1,1.922962758794955e-16,-16,0.4333341999999997,0.4333341996959115,0,-0,1.354241568328488e-16,0.9999999993040012,1.513146112551321e-12,10.89087631415367,4,25.13274122871834,1,1,1,30,8,1.57009255543714e-16,-8450526156051878,-8450526156051878,-9436677014518650,3.885780580009912e-16,2.220446049588503e-16,3.185629571207898e-16,2.680323997822897e-16,0.9994656628923804,0.3636363640081758,1,0,1,1,0,0,-2.220446049259244e-16,-0,-0,-9.978187902275758,0.5,1.078506214484181e+20,1.078506213733542e+20,47895.29726086622,0,1.078506213733542e+20,537763332096,9.995666658e+17,433334200000000,1000000000000000,4.367553837850984e+38,1000000000000000,1,1.513146112551321e-12,-1.226756631725014e+21,-1.228815996021992e+32,1.228815996027996e+32,-1.228815996040263e+32,2.457631992068259e+32,1.228815996027996e+32,-1.228815996040263e+32,-1.226756631725014e+21,2.457631992068259e+32,0,-1.228815996021992e+32,-1,167863479519.4411,1,1,1,1
26,0.4333342,0,0,6371998.17018536,0,0,-6.826756554269158,998.1701853601262,-6.826756554269157,engineered_metric,saucer,0,0,0,0,0,80,80,0,0,-0.9999999986080024,-1.000000002783995,1,3.938463135020535e-21,-16,0.4500008999999998,0.4500008996843116,0,0,1.105230111234543e-16,0.9999999993040012,8.447872455130515e-13,11.30975617239035,4,25.13274122871834,1,1,1,30,8,1.570092523779741e-16,-6892500595994597,-6892500595994597,-5265247789857150,5.551115110771136e-16,2.220446049431061e-16,5.356278162389479e-16,2.680321155215629e-16,0.9999999999999993,0.2857142861610394,1,0,1,1,0,0,-2.220446049255111e-16,0,0,-6.326785580593034e-07,0.5,1.078506214484181e+20,1.078506213733542e+20,47895.29726086622,0,1.078506213733542e+20,537763332096,9.995499991e+17,450000900000000,1000000000000000,1.40121669571782e+39,1000000000000000,1,8.447872455130515e-13,-1.248461652152132e+21,-2.170502042711726e+19,1.228815996028105e+32,-1.22881599604059e+32,2.457631992068695e+32,1.228815996028105e+32,-1.22881599604059e+32,-1.248461652152132e+21,2.457631992068695e+32,0,-2.170547042801727e+19,-1,118703027862.0481,1,1,1,1
27,0.4500009,0,0,6371998.056405857,0,0,-6.826756560504286,998.0564058572054,-6.826756560504286,engineered_metric,saucer,0,0,0,0,0,80,80,0,0,-0.9999999986080024,-1.000000002783995,1,3.435223532773267e-21,-16,0.4666675999999997,0.4666675996727102,0,0,9.640095185152657e-17,0.9999999993040012,5.7787449581748e-13,11.72863603062703,4,25.13274122871834,1,1,1,30,8,1.570092508729342e-16,-6011760718973510,-6011760718973510,-3601686727011556,5.551115110767051e-16,3.885780578997721e-16,5.356278157610848e-16,5.961191168600422e-16,0.9999999999999996,0.411764706040926,1,0,1,1,0,0,-2.220446049252877e-16,0,0,-4.138634612971506e-07,0.5,1.078506214484181e+20,1.078506213733542e+20,47895.29726086622,0,1.078506213733542e+20,537763332096,9.995333324e+17,466667600000000,1000000000000000,2.99455948806851e+39,1000000000000000,1,5.7787449581748e-13,-1.248394321998025e+21,6.733015410645402e+16,1.228815996028105e+32,-1.228815996040589e+32,2.457631992068694e+32,1.228815996028105e+32,-1.228815996040589e+32,-1.248394321998025e+21,2.457631992068694e+32,0,6.686348650645402e+16,0.9862333487542949,118661919501.6213,1,1,1,1
28,0.4666676,0,0,6371997.942626354,0,0,-6.826756563823016,997.9426263542846,-6.826756563823016,engineered_metric,saucer,0,0,0,0,0,80,80,0,0,-0.9999999986080024,-1.000000002783995,1,3.088499158752314e-21,-16,0.4833342999999997,0.4833342996611089,0,0,8.667103667406244e-17,0.9999999993040012,4.531896957657997e-13,12.14751588886371,4,25.13274122871834,1,1,1,30,8,1.570092499555029e-16,-5404923936039991,-5404923936039991,-2824539324188189,5.551115110764374e-16,3.885780579573445e-16,5.356278154697809e-16,5.961190389135762e-16,0.9999999999999996,0.4117647060126289,1,0,1,1,0,0,-2.220446049251414e-16,0,0,-2.536090436189036e-07,0.5,1.078506214484181e+20,1.078506213733542e+20,47895.29726086622,0,1.078506213733542e+20,537763332096,9.995166657e+17,483334300000000,1000000000000000,4.869001929118706e+39,1000000000000000,1,4.531896957657997e-13,-1.248331701610589e+21,6.26203874361344e+16,1.228815996028105e+32,-1.228815996040588e+32,2.457631992068693e+32,1.228815996028105e+32,-1.228815996040588e+32,-1.248331701610589e+21,2.457631992068693e+32,0,6.21370531361344e+16,0.9846812743621988,6248662.007168859,1,1,1,1
29,0.4833343,0,0,6371997.828846851,0,0,-6.826756564846889,997.8288468513638,-6.826756564846889,engineered_metric,saucer,0,0,0,0,0,80,80,0,0,-0.9999999986080024,-1.000000002783995,1,2.815691661789221e-21,-16,0.5000009999999997,0.5000009996495075,0,0,7.90153836042334e-17,0.9999999993040012,3.953017337103872e-13,12.56639574710039,4,25.13274122871834,1,1,1,30,8,1.570092493022001e-16,-4927561092758269,-4927561092758269,-2463780546768264,5.55111511076236e-16,3.885780580006392e-16,5.356278152623367e-16,5.961189834095501e-16,0.9999999999999996,0.4117647060364842,1,0,1,1,0,0,-2.220446049250313e-16,0,0,-1.210706165770678e-07,0.5,1.078506214484181e+20,1.078506213733542e+20,47895.29726086622,0,1.078506213733542e+20,537763332096,9.99499999e+17,500001000000000,1000000000000000,6.39944869826874e+39,1000000000000000,1,3.953017337103872e-13,-1.248268977689778e+21,6.272392081126195e+16,1.228815996028104e+32,-1.228815996040587e+32,2.457631992068692e+32,1.228815996028104e+32,-1.228815996040587e+32,-1.248268977689778e+21,2.457631992068692e+32,0,6.222391981126195e+16,0.9841831703672981,2936804.952894833,1,1,1,1
30,0.500001,0,0,6371997.715067348,0,0,-6.82675656386705,997.715067348443,-6.82675656386705,engineered_metric,saucer,0,0,0,0,0,80,80,0,0,-0.9999999986080024,-1.000000002783995,1,2.577514124676727e-21,-16,0.5166676999999997,0.5166676996379062,0,0,7.233151434983926e-17,0.9999999993040012,3.782145509258231e-13,12.98527560533707,4,25.13274122871834,1,1,1,30,8,1.570092487813162e-16,-4510919386426899,-4510919386426899,-2357326494780482,5.551115110761574e-16,3.885780580374074e-16,5.35627815097062e-16,2.630520329894228e-16,0.9999999999999996,0.4117647060567081,1,1,1,1,1,1,2.220446049251231e-16,-0,-0,7.157504107265899e-12,0.5,1.078506214484181e+20,1.078506213733542e+20,47895.29726086622,0,1.078506213733542e+20,537763332096,9.994833323e+17,516667700000000,1000000000000000,6.990746169464449e+39,1000000000000000,1,3.782145509258231e-13,-1.248277855374555e+21,-8877684777549824,1.228815996028104e+32,-1.228815996040587e+32,2.457631992068692e+32,1.228815996028104e+32,-1.228815996040587e+32,-1.248277855374555e+21,2.457631992068692e+32,0,-9394352477549824,-1,59357790232.34589,1,1,1,1
31,0.5166677,0,0,6371997.601287846,0,0,-6.826756560972009,997.6012878455222,-6.826756560972009,engineered_metric,saucer,0,0,0,0,0,80,80,0,0,-0.9999999986080024,-1.000000002783995,1,2.349879622876817e-21,-16,0.5333343999999997,0.5333343996263048,0,0,6.594349107270226e-17,0.9999999993040012,3.953064130358245e-13,13.40415546357375,4,25.13274122871834,1,1,1,30,8,1.57009248326488e-16,-4112371109572179,-4112371109572179,-2463802290621348,3.885780580007037e-16,5.551115110828449e-16,3.185629547093881e-16,5.911391476831342e-16,0.99946566289237,0.5882352939633151,1,1,1,1,1,1,2.220446049252067e-16,-0,-0,1.210857181241952e-07,0.5,1.078506214484181e+20,1.078506213733542e+20,47895.29726086622,0,1.078506213733542e+20,537763332096,9.994666656e+17,533334400000000,1000000000000000,6.399297195915841e+39,1000000000000000,1,3.953064130358245e-13,-1.22881599603421e+32,-1.228815996021727e+32,1.157016624620207e+21,-1.22881599604578e+32,1.22881599605735e+32,1.157016624620207e+21,-1.22881599604578e+32,-1.22881599603421e+32,1.22881599605735e+32,0,-1.228815996021727e+32,-1,59361993216.3155,1,1,1,1
32,0.5333344,0,0,6371997.487508343,0,0,-6.826756556081943,997.4875083426014,-6.826756556081943,engineered_metric,saucer,0,0,0,0,0,80,80,0,0,-0.9999999986080024,-1.000000002783995,1,2.112778557654537e-21,-16,0.5500010999999997,0.5500010996147034,0,0,5.92897889321593e-17,0.9999999993040012,4.532005253504479e-13,13.82303532181043,4,25.13274122871834,1,1,1,30,8,1.57009247897428e-16,-3697491974355018,-3697491974355018,-2824666173134779,3.885780580007366e-16,5.551115110859324e-16,3.185629545601681e-16,5.911391125364718e-16,0.99946566289237,0.588235293964869,1,1,1,1,1,1,2.220446049252887e-16,-0,-0,2.536265767898532e-07,0.5,1.078506214484181e+20,1.078506213733542e+20,47895.29726086622,0,1.078506213733542e+20,537763332096,9.994499989e+17,550001100000000,1000000000000000,4.868769234602302e+39,1000000000000000,1,4.532005253504479e-13,-1.22881599603421e+32,0,1.157030732093401e+21,-1.22881599604578e+32,1.22881599605735e+32,1.157030732093401e+21,-1.22881599604578e+32,-1.22881599603421e+32,1.22881599605735e+32,0,-550001100000000,-0.9999999999999982,18191733.83536365,1,1,1,1
33,0.5500011,0,0,6371997.37372884,0,0,-6.82675654892132,997.3737288396806,-6.82675654892132,engineered_metric,saucer,0,0,0,0,0,80,80,0,0,-0.9999999986080024,-1.000000002783995,1,1.842952874934748e-21,-16,0.5666677999999996,0.5666677996031021,-0,0,5.171771229933126e-17,0.9999999993040012,5.778941798030914e-13,14.24191518004711,4,25.13274122871834,1,1,1,30,8,1.570092474646152e-16,-3225281770154797,-3225281770154797,-3601846501359224,3.885780580007709e-16,5.551115110891653e-16,3.185629544096421e-16,5.91139077082349e-16,0.99946566289237,0.5882352939629312,1,1,1,1,1,1,2.220446049253745e-16,-0,-0,4.138843267343677e-07,0.5,1.078506214484181e+20,1.078506213733542e+20,47895.29726086622,0,1.078506213733542e+20,537763332096,9.994333322e+17,566667800000000,1000000000000000,2.994355492721063e+39,1000000000000000,1,5.778941798030914e-13,1.228815996009168e+32,2.457631992043377e+32,1.228815996024156e+32,-1.498809488273017e+21,1.228815996039144e+32,1.228815996024156e+32,-1.498809488273017e+21,1.228815996009168e+32,1.228815996039144e+32,0,2.457631992043377e+32,1,13337572.56700807,1,1,1,1
34,0.5666677999999999,0,0,6371997.259885309,0,0,-6.8625120412065,997.2598853092641,-6.8625120412065,engineered_metric,saucer,0,0,0,0,0,80,80,0,0,-0.9999999986080024,-1.000000002783995,1,1.922962651942811e-16,-16,0.5833344999999996,0.5833344995915007,-0,0,4.221533051609118e-17,0.9999999993040012,8.448299700000899e-13,14.66079503828379,4,25.13274122871834,1,1,1,30,8,1.570092470049125e-16,-2646396224796388,-2646396224796388,-5292868346768151,3.885780580008086e-16,5.551115110926968e-16,3.185629542497851e-16,5.911390394337221e-16,0.9994656628923698,0.588235293965629,1,1,1,1,1,1,2.220446049254684e-16,-0,-0,6.327072268487773e-07,0.5,1.078506214484181e+20,1.078506213733542e+20,47895.29726086622,0,1.078506213733542e+20,537763332096,9.994166655e+17,583334500000000,1000000000000000,1.401074975483192e+39,1000000000000000,1,8.448299700000899e-13,1.228815996009167e+32,-7.205759403792794e+16,1.228815996024156e+32,-1.498887059919217e+21,1.228815996039145e+32,1.228815996024156e+32,-1.498887059919217e+21,1.228815996009167e+32,1.228815996039145e+32,0,-7.264092853792794e+16,-1,118698331853.1544,1,1,1,1
35,0.5833345,0,0,6371997.144124018,0,0,-7.02881547505953,997.1441240180284,-7.02881547505953,engineered_metric,saucer,0,0,0,0,0,80,80,0,0,-0.9999999986080024,-1.000000002783995,1,1.92296264427878e-16,-16,0.6000011999999996,0.6000011995798994,-0,0,2.888162516904671e-17,0.9999999993040012,1.51326295394786e-12,15.07967489652047,4,25.13274122871834,1,1,1,30,8,1.5700924651543e-16,-1851393753658606,-1851393753658606,-9694361141834386,3.885780580016094e-16,5.273559352517426e-16,5.961187102369972e-16,4.999604946854731e-16,0.9994656628923808,0.575757575547593,1,1,1,1,1,1,2.220446049255717e-16,-0,-0,-9.978185928591671,0.5,1.078506214484181e+20,1.078506213733542e+20,47895.29726086622,0,1.078506213733542e+20,537763332096,9.993999988e+17,600001200000000,1000000000000000,4.366879412579966e+38,1000000000000000,1,1.51326295394786e-12,1.2288159960091e+32,-6.701356245527298e+18,1.228815996024169e+32,-1.506940277237863e+21,1.228815996039239e+32,1.228815996024169e+32,-1.506940277237863e+21,1.2288159960091e+32,1.228815996039239e+32,0,-6.701956246727298e+18,-1,118717253120.6229,1,1,1,1
36,0.6000012,0,0,6371997.025590996,0,0,-7.19511890283878,997.025590996258,-7.195118902838779,engineered_metric,saucer,0,0,0,0,0,80,80,0,0,-0.9999999986080024,-1.000000002783995,1,1.922962647420185e-16,-16,0.6166678999999996,0.616667899568298,-0,0,8.653980029902454e-18,0.9999999993040012,3.963621793963362e-12,15.49855475475715,4,25.13274122871834,1,1,1,30,8,1.57009246125551e-16,-566603815926153.8,-566603815926153.8,-2.593095152961019e+16,3.885780580015434e-16,5.551115108828044e-16,5.961187101011311e-16,5.356278173226796e-16,0.9994656628923988,0.5882352940484832,1,1,1,1,1,1,2.220446049255439e-16,-0,-0,-9.978185161119395,0.5,1.078506214484181e+20,1.078506213733542e+20,47895.29726086622,0,1.078506213733542e+20,537763332096,9.993833321e+17,616667900000000,1000000000000000,6.365251744221775e+37,1000000000000000,1,3.963621793963362e-12,1.22881599600879e+32,-3.105682303034694e+19,1.228815996024231e+32,-1.544110159524823e+21,1.228815996039672e+32,1.228815996024231e+32,-1.544110159524823e+21,1.22881599600879e+32,1.228815996039672e+32,0,-3.105743969824694e+19,-1,356128832531.8015,1,1,1,1
37,0.6166678999999999,0,0,6371996.904286245,0,0,-7.3614223507159,996.9042862448841,-7.361422350715899,engineered_metric,saucer,0,0,0,0,0,80,80,0,0,-0.9999999986080024,-1.000000002783995,1,1.92296303528238e-16,-16,0.6333345999999996,0.6333345995566967,0,-0,7.553499767421758e-17,0.9999999993040012,3.457523078623806e-11,15.91743461299383,4,25.13274122871834,1,1,1,30,8,1.570092489842717e-16,-5046821841335976,-5046821841335976,-2.308778240734938e+17,3.885780579926426e-16,5.551115127635583e-16,5.961187110965713e-16,5.356280556074138e-16,0.9994656628926264,0.588235293222297,1,1,1,1,1,1,2.220446049204541e-16,-0,-0,-9.978181502917897,0.5,1.078506214484181e+20,1.078506213733542e+20,47895.29726086622,0,1.078506213733542e+20,537763332096,9.993666654e+17,633334600000000,1000000000000000,8.365074721444534e+35,1000000000000000,1,3.457523078623806e-11,1.228815996008512e+32,-2.776018810311174e+19,1.228815996024285e+32,-1.577330201994557e+21,1.228815996040058e+32,1.228815996024285e+32,-1.577330201994557e+21,1.228815996008512e+32,1.228815996040058e+32,0,-2.776082143771174e+19,-1,474853031177.9093,1,1,1,1
38,0.6333346,0,0,6371996.780209762,0,0,-7.527725973731089,996.7802097620443,-7.527725973731089,engineered_metric,saucer,0,0,0,0,0,80,80,0,0,-0.9999999986080021,-1.000000002783995,1,1.922963687091786e-16,-16,0.6500012999999996,0.6500012995450953,0,-0,6.597409348140937e-16,0.9999999993040011,3.4560716416631e-11,16.33631447123051,4,25.13274122871834,1,1,1,30,8,1.570094663241835e-16,-4.496858823849806e+16,-4.496858823849806e+16,-2.354348803108284e+17,3.885780579907729e-16,5.55111515934152e-16,2.630518813611654e-16,5.356461746176113e-16,0.9994656628926333,0.5882352945291442,1,0,1,1,0,0,-2.220446049382605e-16,-0,-0,-9.978192327324557,0.5,1.078506214484181e+20,1.078506213733542e+20,47895.29726086622,-16384,1.078506213733542e+20,537763315712,9.993499987e+17,650001300000000,1000000000000000,8.372102311945941e+35,1000000000000000,1,3.4560716416631e-11,1.228815996008204e+32,-3.076859265419523e+19,1.228815996024345e+32,-1.614079734635626e+21,1.228815996040486e+32,1.228815996024345e+32,-1.614079734635626e+21,1.228815996008204e+32,1.228815996040486e+32,0,-3.076924265549523e+19,-1,402934556.2320485,1,1,1,1
39,0.6500013,0,0,6371996.65336155,0,0,-7.694029458289901,996.653361549601,-7.694029458289901,engineered_metric,saucer,0,0,0,0,0,80,80,0,0,-0.9999999986080021,-1.000000002783995,1,1.92296285491452e-16,-16,0.6666679999999996,0.666667999533494,0,-0,1.980529166551364e-16,0.9999999993040011,3.963089694424374e-12,16.75519432946719,4,25.13274122871834,1,1,1,30,8,1.005349707017744e-15,-4.276982211354618e+27,-4.276982211354618e+27,-4.276982211368381e+27,1.360027003708104e-15,1.554312229608565e-15,1.851131513504131e-15,1.782506102985765e-15,0.997334012605823,0.5333332859007691,1,1,1,1,1,1,-1.554312229532135e-15,-0,-0,-9.978188669711768,0.5,1.078506214484181e+20,1.078506213733542e+20,47895.29726086622,0,1.078506213733542e+20,537763315712,9.99333332e+17,666668000000000,1000000000000000,6.366961104923681e+37,1000000000000000,1,3.963089694424374e-12,1.228815996007873e+32,-3.311046446042789e+19,1.228815996024411e+32,-1.653793933520788e+21,1.228815996040949e+32,1.228815996024411e+32,-1.653793933520788e+21,1.228815996007873e+32,1.228815996040949e+32,0,-3.311113112842791e+19,-1,59445647.51895452,1,1,1,1
40,0.666668,0,0,6371996.523741607,0,0,-7.860332924084376,996.5237416066229,-7.860332924084376,engineered_metric,saucer,0,0,0,0,0,80,80,0,0,-0.9999999986080021,-1.000000002783995,1,1.922962760860699e-16,-16,0.6833346999999995,0.6833346995218926,0,-0,1.354311176971908e-16,0.9999999993040011,1.513206337779711e-12,17.17407418770387,4,25.13274122871834,1,1,1,30,8,1.005349705368123e-15,-4.276982211350446e+27,-4.276982211350446e+27,-4.276982211351565e+27,1.387778776454663e-15,1.554312229564504e-15,1.842996715371777e-15,1.782505951630687e-15,0.9973340126058234,0.5283018867760191,1,1,1,1,1,1,-1.554312229530874e-15,-0,-0,-9.97818790232219,0.5,1.078506214484181e+20,1.078506213733542e+20,47895.29726086622,0,1.078506213733542e+20,537763315712,9.993166653e+17,683334700000000,1000000000000000,4.367206189699609e+38,1000000000000000,1,1.513206337779711e-12,-6.14407998012269e+32,-7.372895976130563e+32,1.228815996011426e+32,-7.372895976134117e+32,8.601711972145543e+32,1.228815996011426e+32,-7.372895976134117e+32,-6.14407998012269e+32,8.601711972145543e+32,0,-7.372895976130563e+32,-1,43857933.89848807,1,1,1,1
41,0.6833347,0,0,6371996.391349934,0,0,-8.026636382415987,996.3913499340415,-8.026636382415987,engineered_metric,saucer,0,0,0,0,0,80,80,0,0,-0.9999999986080021,-1.000000002783995,1,1.922962728164494e-16,-16,0.7000013999999996,0.7000013995102913,0,0,1.105256555960052e-16,0.9999999993040011,8.448019866052198e-13,17.59295404594055,4,25.13274122871834,1,1,1,30,8,1.005349704883973e-15,-4.276982211348828e+27,-4.276982211348828e+27,-4.276982211346945e+27,1.387778776454474e-15,1.554312229548425e-15,1.842996715094418e-15,1.782505907235481e-15,0.9973340126058234,0.5283018867775495,1,1,1,1,1,1,-1.554312229530408e-15,-0,-0,-9.978187548147938,0.5,1.078506214484181e+20,1.078506213733542e+20,47895.29726086622,0,1.078506213733542e+20,537763315712,9.992999986e+17,700001400000000,1000000000000000,1.401167796012146e+39,1000000000000000,1,8.448019866052198e-13,-6.144079980122993e+32,-3.026418949592973e+19,1.228815996011206e+32,-7.372895976134199e+32,8.601711972145404e+32,1.228815996011206e+32,-7.372895976134199e+32,-6.144079980122993e+32,8.601711972145404e+32,0,-3.026488949732973e+19,-1,118733403881.2012,1,1,1,1
42,0.7000014,0,0,6371996.25622367,0,0,-8.185456528813672,996.256223670207,-8.185456528813672,engineered_metric,saucer,0,0,0,0,0,80,80,0,0,-0.9999999986080021,-1.000000002783995,1,1.23629203743008e-15,-16,0.7166680999999995,0.7166680994986899,0,0,9.6402793756432e-17,0.9999999993040011,5.778840626246889e-13,18.01183390417723,4,25.13274122871834,1,1,1,30,8,1.005349704652848e-15,-4.276982211347928e+27,-4.276982211347928e+27,-4.27698221134509e+27,1.38777877645437e-15,1.554312229539816e-15,1.842996714962066e-15,1.782505886055881e-15,0.9973340126058234,0.5283018867764842,1,1,1,1,1,1,-1.554312229530153e-15,-0,-0,-9.978187329326126,0.5,1.078506214484181e+20,1.078506213733542e+20,47895.29726086622,0,1.078506213733542e+20,537763315712,9.992833319e+17,716668100000000,1000000000000000,2.994460339682129e+39,1000000000000000,1,5.778840626246889e-13,-7.372895976144985e+32,-1.228815996021992e+32,0,-7.372895976144985e+32,7.372895976144985e+32,0,-7.372895976144985e+32,-7.372895976144985e+32,7.372895976144985e+32,0,-1.228815996021992e+32,-1,549722259482.8012,1,1,1,1
43,0.7166681,0,0,6371996.117027392,0,0,-8.518063427860076,996.1170273916796,-8.518063427860076,engineered_metric,saucer,0,0,0,0,0,80,80,0,0,-0.9999999986080021,-1.000000002783995,1,1.236292037268208e-15,0,0.7333347999999995,0.7333347994870886,0,0,8.667232943319508e-17,0.9999999993040011,4.531968879318405e-13,18.43071376241391,4,25.13274122871834,1,1,1,30,8,1.005349704510631e-15,-4.276982211347449e+27,-4.276982211347449e+27,-4.276982211344299e+27,1.221245323378858e-15,1.38777877641107e-15,1.958998762034899e-15,1.898507940073997e-15,0.996802520015255,0.5319148936046447,1,1,1,1,1,1,-1.554312229529983e-15,-0,-0,-19.95637408452518,0.5,1.078506214484181e+20,1.078506213733542e+20,47895.29726086622,0,1.078506213733542e+20,537763315712,9.992666652e+17,733334800000000,1000000000000000,4.868847389697147e+39,1000000000000000,1,4.531968879318405e-13,-7.372895976145272e+32,-2.867892242709532e+19,0,-7.372895976145272e+32,7.372895976145272e+32,0,-7.372895976145272e+32,-7.372895976145272e+32,7.372895976145272e+32,0,-2.867965576189532e+19,-1,15023535.04325322,1,1,1,1
44,0.7333348,0,0,6371995.972287653,0,0,-8.850670324611594,995.9722876530141,-8.850670324611594,engineered_metric,saucer,0,0,0,0,0,80,80,0,0,-0.9999999986080021,-1.000000002783995,1,1.236292037003342e-15,0,0.7500014999999995,0.7500014994754872,0,0,7.901658719497271e-17,0.9999999993040011,3.95309502030991e-13,18.84959362065059,4,25.13274122871834,1,1,1,30,8,1.005349704408391e-15,-4.276982211347072e+27,-4.276982211347072e+27,-4.276982211343961e+27,1.221245323378644e-15,1.387778776454247e-15,1.958998761964049e-15,1.898507927560939e-15,0.996802520015255,0.5319148935968551,1,1,1,1,1,1,-1.554312229529849e-15,-0,-0,-19.95637395198454,0.5,1.078506214484181e+20,1.078506213733542e+20,47895.29726086622,0,1.078506213733542e+20,537763315712,9.992499985e+17,750001500000000,1000000000000000,6.399197186577475e+39,1000000000000000,1,3.95309502030991e-13,-7.37289597614588e+32,-6.081660936801118e+19,0,-7.37289597614588e+32,7.37289597614588e+32,0,-7.37289597614588e+32,-7.37289597614588e+32,7.37289597614588e+32,0,-6.081735936951117e+19,-1,549760008201.3248,1,1,1,1
45,0.7500015,0,0,6371995.822004454,0,0,-9.183277219359358,995.8220044542104,-9.183277219359356,engineered_metric,saucer,0,0,0,0,0,80,80,0,0,-0.9999999986080021,-1.000000002783995,1,1.236292036761378e-15,0,0.7666681999999995,0.7666681994638859,0,0,7.233275441309141e-17,0.9999999993040011,3.782240174215623e-13,19.26847347888727,4,25.13274122871834,1,1,1,30,8,1.005349704327442e-15,-4.27698221134673e+27,-4.27698221134673e+27,-4.276982211343924e+27,1.221245323378462e-15,1.387778776490236e-15,1.95899876190758e-15,1.898507917581497e-15,0.996802520015255,0.531914893602577,1,1,1,1,1,1,-1.554312229529727e-15,-0,-0,-19.95637383090422,0.5,1.078506214484181e+20,1.078506213733542e+20,47895.29726086622,0,1.078506213733542e+20,537763315712,9.992333318e+17,766668200000000,1000000000000000,6.990396233777646e+39,1000000000000000,1,3.782240174215623e-13,-7.372895976146491e+32,-6.110483974416289e+19,0,-7.372895976146491e+32,7.372895976146491e+32,0,-7.372895976146491e+32,-7.372895976146491e+32,7.372895976146491e+32,0,-6.110560641236289e+19,-1,237415500819.9471,1,1,1,1
46,0.7666682,0,0,6371995.666177794,0,0,-9.515884112191857,995.6661777943373,-9.515884112191856,engineered_metric,saucer,0,0,0,0,0,80,80,0,0,-0.9999999986080017,-1.000000002783997,1,1.236292036519409e-15,-16,0.7833348999999995,0.7833348994522845,0,0,6.594481728519707e-17,0.9999999993040009,3.953189508012025e-13,19.68735333712395,4,25.13274122871834,1,1,1,30,8,1.005349704257737e-15,4.276982211335318e+27,4.276982211335318e+27,4.276982211337535e+27,1.221245323378525e-15,1.221245323448999e-15,1.958998761858668e-15,1.958998811566138e-15,0.9968025200152588,0.5000000000010165,0,0,0,0,0,0,1.554312229530089e-15,-0,-0,-19.95637370982198,0.5,1.078506214484181e+20,1.078506213733542e+20,71842.94589129933,0,1.078506213733542e+20,537763315712,9.992166651e+17,783334900000000,1000000000000000,6.398891287651905e+39,1000000000000000,1,3.953189508012025e-13,-7.372895976147101e+32,-6.096072455608703e+19,0,-7.372895976147101e+32,7.372895976147101e+32,0,-7.372895976147101e+32,-7.372895976147101e+32,7.372895976147101e+32,0,-6.096150789098703e+19,-1,474858005195.3602,1,1,1,1
47,0.7833348999999999,0,0,6371995.504807674,0,0,-9.848491003029272,995.504807674326,-9.848491003029272,engineered_metric,saucer,0,0,0,0,0,80,80,0,0,-0.9999999986080017,-1.000000002783997,1,1.23629203625453e-15,-16,0.8000015999999994,0.8000015994406832,0,0,5.929115979979658e-17,0.9999999993040009,4.532182269619824e-13,20.10623319536063,4,25.13274122871834,1,1,1,30,8,1.005349704192942e-15,4.276982211335726e+27,4.276982211335726e+27,4.276982211336936e+27,1.387778776454397e-15,1.221245323389027e-15,1.842996714678732e-15,1.903487650725411e-15,0.9973340126058278,0.4680851064024642,0,0,0,0,0,0,1.554312229530214e-15,-0,-0,-19.95637357727556,0.5,1.078506214484181e+20,1.078506213733542e+20,71842.94589129933,0,1.078506213733542e+20,537763315712,9.991999984e+17,800001600000000,1000000000000000,4.868388917247772e+39,1000000000000000,1,4.532182269619824e-13,6.144079980091077e+32,1.351697595623818e+33,7.372895976132732e+32,-1.228815996041655e+32,8.601711972174387e+32,7.372895976132732e+32,-1.228815996041655e+32,6.144079980091077e+32,8.601711972174387e+32,0,1.351697595623818e+33,1,237418695321.7998,1,1,1,1
48,0.8000016,0,0,6371995.337894094,0,0,-10.18109789159591,995.3378940941766,-10.18109789159591,engineered_metric,saucer,0,0,0,0,0,80,80,0,0,-0.9999999986080017,-1.000000002783997,1,1.236292035934246e-15,-16,0.8166682999999995,0.8166682994290818,-0,0,5.171977374846823e-17,0.9999999993040009,5.779296755335318e-13,20.52511305359731,4,25.13274122871834,1,1,1,30,8,1.005349704128807e-15,4.276982211336252e+27,4.276982211336252e+27,4.276982211335715e+27,1.387778776454455e-15,1.221245323392596e-15,1.842996714645791e-15,1.903487641078778e-15,0.9973340126058293,0.4680851064034384,0,0,0,0,0,0,1.554312229530352e-15,-0,-0,-19.95637341700349,0.5,1.078506214484181e+20,1.078506213733542e+20,71842.94589129933,0,1.078506213733542e+20,537763315712,9.991833317e+17,816668300000000,1000000000000000,2.993987684747505e+39,1000000000000000,1,5.779296755335318e-13,6.144079980090465e+32,-6.124895493223875e+19,7.372895976132817e+32,-1.228815996042353e+32,8.60171197217517e+32,7.372895976132817e+32,-1.228815996042353e+32,6.144079980090465e+32,8.60171197217517e+32,0,-6.124977160053875e+19,-1,17209923.97341037,1,1,1,1
49,0.8166683,0,0,6371995.166046008,0,0,-10.40144984194463,995.1660460075364,-10.40144984194463,engineered_metric,saucer,0,0,0,0,0,80,80,0,0,-0.9999999986080017,-1.000000002783997,1,1.236292035538218e-15,0,0.8333349999999994,0.8333349994174805,-0,0,4.221823289350675e-17,0.9999999993040009,8.449134628608633e-13,20.94399291183399,4,25.13274122871834,1,1,1,30,8,1.005349704062198e-15,4.276982211337029e+27,4.276982211337029e+27,4.276982211333209e+27,1.360023847353385e-15,1.221245323396525e-15,1.851127048753916e-15,1.903487630836066e-15,0.9973340126058322,0.4731178136485767,0,0,0,0,0,0,1.554312229530507e-15,-0,-0,-19.95637319814601,0.5,1.078506214484181e+20,1.078506213733542e+20,71842.94589129933,0,1.078506213733542e+20,537763315712,9.99166665e+17,833335000000000,1000000000000000,1.4007980856403e+39,1000000000000000,1,8.449134628608633e-13,6.144079980089854e+32,-6.110483974416289e+19,7.372895976132905e+32,-1.228815996043051e+32,8.601711972175957e+32,7.372895976132905e+32,-1.228815996043051e+32,6.144079980089854e+32,8.601711972175957e+32,0,-6.110567307916289e+19,-1,21848530.45482561,1,1,1,1
50,0.8333349999999999,0,0,6371994.991302295,0,0,-10.56775327579532,994.9913022946566,-10.56775327579532,engineered_metric,saucer,0,0,0,0,0,80,80,0,0,-0.9999999986080017,-1.000000002783997,1,1.922962644308546e-16,0,0.8500016999999994,0.8500016994058791,-0,0,2.888552590188782e-17,0.9999999993040009,1.513538665769893e-12,21.36287277007067,4,25.13274122871834,1,1,1,30,8,1.005349703992884e-15,4.276982211338199e+27,4.276982211338199e+27,4.276982211326981e+27,1.387778776455355e-15,1.221245323171081e-15,1.898507865806354e-15,1.958998771027364e-15,0.9973340126058395,0.4680851063918243,0,0,0,0,0,0,1.554312229530663e-15,-0,-0,-9.978185928418984,0.5,1.078506214484181e+20,1.078506213733542e+20,71842.94589129933,0,1.078506213733542e+20,537763315712,9.991499983e+17,850001700000000,1000000000000000,4.365288583559096e+38,1000000000000000,1,1.513538665769893e-12,6.144079980089442e+32,-4.114488619565685e+19,7.372895976132959e+32,-1.228815996043516e+32,8.601711972176473e+32,7.372895976132959e+32,-1.228815996043516e+32,6.144079980089442e+32,8.601711972176473e+32,0,-4.114573619735686e+19,-1,13412510.84726705,1,1,1,1
51,0.8500017,0,0,6371994.813786851,0,0,-10.73405670356599,994.8137868512422,-10.73405670356599,engineered_metric,saucer,0,0,0,0,0,80,80,0,0,-0.9999999986080017,-1.000000002783997,1,1.922962647407918e-16,0,0.8666683999999995,0.8666683993942778,-0,0,8.656845871768986e-18,0.9999999993040009,3.965442087847111e-12,21.78175262830735,4,25.13274122871834,1,1,1,30,8,1.005349703937782e-15,4.276982211340042e+27,4.276982211340042e+27,4.276982211304037e+27,1.387778776455279e-15,1.221245323186373e-15,1.898507865777038e-15,1.958998762326083e-15,0.9973340126058657,0.4680851064425278,0,0,0,0,0,0,1.554312229530615e-15,-0,-0,-9.97818516034409,0.5,1.078506214484181e+20,1.078506213733542e+20,71842.94589129933,0,1.078506213733542e+20,537763315712,9.991333316e+17,866668400000000,1000000000000000,6.359409283682577e+37,1000000000000000,1,3.965442087847111e-12,6.144079980089123e+32,-3.192151415880208e+19,7.372895976133003e+32,-1.22881599604388e+32,8.601711972176884e+32,7.372895976133003e+32,-1.22881599604388e+32,6.144079980089123e+32,8.601711972176884e+32,0,-3.192238082720208e+19,-1,356130079961.089,1,1,1,1
52,0.8666684,0,0,6371994.633499677,0,0,-10.90036015144847,994.633499677293,-10.90036015144847,engineered_metric,saucer,0,0,0,0,0,80,80,0,0,-0.9999999986080015,-1.000000002783997,1,1.922963036883595e-16,16,0.8833350999999994,0.8833350993826764,0,-0,7.583027668765724e-17,0.9999999993040007,3.470653593720167e-11,22.20063248654403,4,25.13274122871834,1,1,1,30,8,1.570092487365012e-16,-7135776614569065,-7135776614569065,-3.264064266326383e+17,3.608224823825192e-16,1.94303499929601e-16,5.604513563414365e-16,2.76181688329979e-16,0.9994656628923658,0.3500169441183773,1,0,1,1,0,0,-2.220446049318617e-16,-0,-0,-9.97818148268416,0.5,1.078506214484181e+20,1.078506213733542e+20,71842.94589129933,-16384,1.078506213733542e+20,537763299328,9.991166649e+17,883335100000000,1000000000000000,8.301899320887953e+35,1000000000000000,1,3.470653593720167e-11,6.144079980088796e+32,-3.271414769321928e+19,7.372895976133051e+32,-1.228815996044254e+32,8.601711972177304e+32,7.372895976133051e+32,-1.228815996044254e+32,6.144079980088796e+32,8.601711972177304e+32,0,-3.271503102831928e+19,-1,478525666748.881,1,1,1,1
53,0.8833350999999999,0,0,6371994.450440773,0,0,-11.066663775091,994.4504407728091,-11.066663775091,engineered_metric,saucer,0,0,0,0,0,80,80,0,0,-0.9999999986080015,-1.000000002783997,1,1.922963710990917e-16,0,0.9000017999999995,0.9000017993710752,0,-0,6.62108505343581e-16,0.9999999993040007,3.468369471201769e-11,22.61951234478071,4,25.13274122871834,1,1,1,30,8,1.5700944679398e-16,-6.31092658107344e+16,-6.31092658107344e+16,-3.303978033927121e+17,3.885780580087928e-16,2.220446054308999e-16,3.185630260055286e-16,2.680518910180186e-16,0.9994656628927535,0.3636363641434621,1,0,1,1,0,0,-2.220446049446229e-16,-0,-0,-9.978192346902427,0.5,1.078506214484181e+20,1.078506213733542e+20,71842.94589129933,16384,1.078506213733542e+20,537763315712,9.990999982e+17,900001800000000,1000000000000000,8.312837486105458e+35,1000000000000000,1,3.468369471201769e-11,1.228815996001687e+32,-4.915263984087109e+32,1.228815996031933e+32,-3.024615065314289e+21,1.22881599606218e+32,1.228815996031933e+32,-3.024615065314289e+21,1.228815996001687e+32,1.22881599606218e+32,0,-4.915263984087109e+32,-1,314978071.0567251,1,1,1,1
54,0.9000018,0,0,6371994.264610139,0,0,-11.23296725966409,994.2646101387218,-11.23296725966409,engineered_metric,saucer,0,0,0,0,0,80,80,0,0,-0.9999999986080015,-1.000000002783997,1,1.922962856826954e-16,0,0.9166684999999996,0.9166684993594739,0,-0,1.981311570367744e-16,0.9999999993040007,3.964602619554828e-12,23.03839220301739,4,25.13274122871834,1,1,1,30,8,1.570092639772068e-16,-1.912432287196803e+16,-1.912432287196803e+16,-3.824540796507838e+16,3.885780580020295e-16,2.220446050105425e-16,3.18562960369561e-16,2.680333702686423e-16,0.9994656628924139,0.3636363639781062,1,0,1,1,0,0,-2.220446049283807e-16,-0,-0,-9.978188670411864,0.5,1.078506214484181e+20,1.078506213733542e+20,95790.59452173243,0,1.078506213733542e+20,537763315712,9.990833315e+17,916668500000000,1000000000000000,6.36210266213952e+37,1000000000000000,1,3.964602619554828e-12,1.228815996001408e+32,-2.794033208820656e+19,1.228815996032076e+32,-3.06685422497605e+21,1.228815996062745e+32,1.228815996032076e+32,-3.06685422497605e+21,1.228815996001408e+32,1.228815996062745e+32,0,-2.794124875670654e+19,-0.9999999999999988,167905887109.5927,1,1,1,1
55,0.9166685,0,0,6371994.077219295,0,0,-11.24377698009617,994.0772192953154,-11.24377698009617,engineered_metric,saucer,0,0,0,0,0,80,80,0,0,-0.9999999986080015,-1.000000002783997,1,1.922962751580777e-16,0,0.9333351999999996,0.9333351993478727,0,-0,1.354483721965847e-16,0.9999999993040007,1.513390576664523e-12,23.45727206125407,4,25.13274122871834,1,1,1,30,8,1.570092544260401e-16,-1.306940506321428e+16,-1.306940506321428e+16,-1.459417105248689e+16,5.551115110781603e-16,3.885780576499454e-16,5.356278170664785e-16,5.96119512425285e-16,0.9999999999999996,0.4117647060595392,1,0,1,1,0,0,-2.220446049265119e-16,-0,-0,-9.97818790244944,0.5,1.078506214484181e+20,1.078506213733542e+20,95790.59452173243,0,1.078506213733542e+20,537763315712,9.990666648e+17,933335200000000,1000000000000000,4.366142934470823e+38,1000000000000000,1,1.513390576664523e-12,-2.057218534305746e+21,-1.22881599602198e+32,1.228815996032225e+32,-1.228815996052797e+32,2.457631992085021e+32,1.228815996032225e+32,-1.228815996052797e+32,-2.057218534305746e+21,2.457631992085021e+32,0,-1.22881599602198e+32,-1,167917479412.6106,1,1,1,1
56,0.9333351999999999,0,0,6371993.889822631,0,0,-11.24377699056458,993.889822631143,-11.24377699056458,engineered_metric,saucer,0,0,0,0,0,80,80,0,0,-0.9999999986080015,-1.000000002783997,1,6.488860816957474e-21,0,0.9500018999999997,0.9500018993362714,0,0,1.105331268501145e-16,0.9999999993040007,8.448580637737702e-13,23.87615191949076,4,25.13274122871834,1,1,1,30,8,1.570092516401144e-16,-1.066523410300981e+16,-1.066523410300981e+16,-8147223781439194,5.551115110772629e-16,3.885780578134217e-16,5.356278161227076e-16,5.961192444262462e-16,0.9999999999999993,0.4117647059984166,1,0,1,1,0,0,-2.220446049258217e-16,0,0,-6.327332934130305e-07,0.5,1.078506214484181e+20,1.078506213733542e+20,95790.59452173243,0,1.078506213733542e+20,537763315712,9.990499981e+17,950001900000000,1000000000000000,1.400981798106964e+39,1000000000000000,1,8.448580637737702e-13,-2.058863140159428e+21,-1.644605853681844e+18,1.228815996032231e+32,-1.22881599605282e+32,2.457631992085051e+32,1.228815996032231e+32,-1.22881599605282e+32,-2.058863140159428e+21,2.457631992085051e+32,0,-1.645555855581844e+18,-1,59332625918.3254,1,1,1,1
57,0.9500019,0,0,6371993.702425967,0,0,-11.24377699679994,993.7024259669706,-11.24377699679994,engineered_metric,saucer,0,0,0,0,0,80,80,0,0,-0.9999999986080015,-1.000000002783997,1,5.659560587851697e-21,0,0.9666685999999998,0.9666685993246702,0,0,9.640661993922261e-17,0.9999999993040007,5.77908111599878e-13,24.29503177772744,4,25.13274122871834,1,1,1,30,8,1.570092503106641e-16,-9302240525544672,-9302240525544672,-5572978794692463,5.551115110763755e-16,3.885780578976486e-16,5.356278156717428e-16,2.630522104602394e-16,0.9999999999999996,0.4117647060410071,1,1,1,1,1,1,2.220446049246089e-16,0,0,-4.1388413951595e-07,0.5,1.078506214484181e+20,1.078506213733542e+20,95790.59452173243,0,1.078506213733542e+20,537763315712,9.990333314e+17,966668600000000,1000000000000000,2.994211122885946e+39,1000000000000000,1,5.77908111599878e-13,-2.058536219221858e+21,3.269209375697797e+17,1.228815996032231e+32,-1.228815996052816e+32,2.457631992085047e+32,1.228815996032231e+32,-1.228815996052816e+32,-2.058536219221858e+21,2.457631992085047e+32,0,3.259542689697797e+17,0.994103658803746,167881435337.9502,1,1,1,1
58,0.9666686,0,0,6371993.515029303,0,0,-11.24377700011871,993.5150293027982,-11.24377700011871,engineered_metric,saucer,0,0,0,0,0,80,80,0,0,-0.9999999986080015,-1.000000002783997,1,5.088260542120663e-21,0,0.9833352999999999,0.983335299313069,0,0,8.667494042457652e-17,0.9999999993040007,4.532124745908315e-13,24.71391163596412,4,25.13274122871834,1,1,1,30,8,1.570092495010947e-16,-8363240218766545,-8363240218766545,-4370484832545704,3.885780580005575e-16,5.55111511071635e-16,3.185629552130867e-16,5.911392811238861e-16,0.9994656628923698,0.5882352939654752,1,1,1,1,1,1,2.2204460492485e-16,0,0,-2.536160615400486e-07,0.5,1.078506214484181e+20,1.078506213733542e+20,95790.59452173243,0,1.078506213733542e+20,537763315712,9.990166647e+17,983335300000000,1000000000000000,4.868512501479246e+39,1000000000000000,1,4.532124745908315e-13,-1.228815996042311e+32,-1.228815996021725e+32,1.905764003248956e+21,-1.228815996061368e+32,1.228815996080426e+32,1.905764003248956e+21,-1.228815996061368e+32,-1.228815996042311e+32,1.228815996080426e+32,0,-1.228815996021725e+32,-1,59349401606.18913,1,1,1,1
59,0.9833353,0,0,6371993.327632639,0,0,-11.24377700114251,993.3276326386258,-11.24377700114251,engineered_metric,saucer,0,0,0,0,0,80,80,0,0,-0.9999999986080015,-1.000000002783997,1,4.638779400341951e-21,0,1.000002,1.000001999301468,0,0,7.901834887539845e-17,0.9999999993040007,3.95320744728294e-13,25.1327914942008,4,25.13274122871834,1,1,1,30,8,1.57009248924651e-16,-7624463133345726,-7624463133345726,-3812224149700855,3.885780580006331e-16,5.551115110762355e-16,3.185629549965107e-16,5.911392276153985e-16,0.99946566289237,0.5882352939635149,1,1,1,1,1,1,2.220446049250313e-16,0,0,-1.21069598507686e-07,0.5,1.078506214484181e+20,1.078506213733542e+20,95790.59452173243,0,1.078506213733542e+20,537763315712,9.98999998e+17,1000002000000000,1000000000000000,6.398833212691036e+39,1000000000000000,1,3.95320744728294e-13,-1.22881599604231e+32,3.602879701896397e+16,1.90572447258929e+21,-1.228815996061367e+32,1.228815996080425e+32,1.90572447258929e+21,-1.228815996061367e+32,-1.22881599604231e+32,1.228815996080425e+32,0,3.502879501896397e+16,0.9459878782734564,3060461.986579841,1,1,1,1
60,1.000002,0,0,6371993.139985687,0,0,-11.31445615668666,993.1399856870994,-11.31445615668666,engineered_metric,saucer,0,0,0,0,0,80,80,0,0,-0.9999999986080015,-1.000000002783997,1,1.922962683006177e-16,0,1.0166687,1.016668699289866,0,0,7.23339030877734e-17,0.9999999993040007,3.782330713811756e-13,25.55167135243748,4,25.13274122871834,1,1,1,30,8,1.57009248463962e-16,-7021887016745304,-7021887016745304,-3669644579472422,3.608224823850673e-16,5.551115110800762e-16,2.828956001266965e-16,5.911391849441537e-16,0.9994656628923698,0.6060606059393132,1,1,1,1,1,1,2.220446049251829e-16,-0,-0,1.431611601581755e-11,0.5,1.078506214484181e+20,1.078506213733542e+20,95790.59452173243,0,1.078506213733542e+20,537763315712,9.989833313e+17,1016668700000000,1000000000000000,6.9900615723614e+39,1000000000000000,1,3.782330713811756e-13,1.228815996001065e+32,2.457631992043375e+32,1.228815996025751e+32,-2.468588263742557e+21,1.228815996050437e+32,1.228815996025751e+32,-2.468588263742557e+21,1.228815996001065e+32,1.228815996050437e+32,0,2.457631992043375e+32,1,34587601.07189241,1,1,1,1
61,1.0166687,0,0,6371992.950025172,0,0,-11.48075960165522,992.9500251719728,-11.48075960165522,engineered_metric,saucer,0,0,0,0,0,80,80,0,0,-0.9999999986080015,-1.000000002783997,1,1.922962679496531e-16,0,1.0333354,1.033335399278265,0,0,6.594573529906455e-17,0.9999999993040007,3.953286130945332e-13,25.97055121067417,4,25.13274122871834,1,1,1,30,8,1.570092480551198e-16,-6483266980316578,-6483266980316578,-3884324104518034,3.885780580010108e-16,5.551115110077986e-16,5.961187108284674e-16,5.356279976556615e-16,0.9994656628923745,0.5882352939613934,1,1,1,1,1,1,2.220446049253243e-16,-0,-0,-9.978186794358118,0.5,1.078506214484181e+20,1.078506213733542e+20,95790.59452173243,0,1.078506213733542e+20,537763315712,9.989666646e+17,1033335400000000,1000000000000000,6.398578498711308e+39,1000000000000000,1,3.953286130945332e-13,1.228815996000936e+32,-1.295235252831755e+19,1.228815996025777e+32,-2.48412721470138e+21,1.228815996050618e+32,1.228815996025777e+32,-2.48412721470138e+21,1.228815996000936e+32,1.228815996050618e+32,0,-1.295338586371755e+19,-1,474877030265.7252,1,1,1,1
62,1.0333354,0,0,6371992.757292927,0,0,-11.64706304462861,992.7572929272428,-11.64706304462861,engineered_metric,saucer,0,0,0,0,0,80,80,0,0,-0.9999999986080015,-1.000000002783997,1,1.922962670981598e-16,0,1.0500021,1.050002099266664,0,0,5.929226265404289e-17,0.9999999993040007,4.532328484946792e-13,26.38943106891085,4,25.13274122871834,1,1,1,30,8,1.570092476707764e-16,-5899885918658494,-5899885918658494,-4507298630317016,3.885780580011903e-16,5.551115109758573e-16,5.961187106855788e-16,5.356279624938497e-16,0.9994656628923752,0.5882352939778562,1,1,1,1,1,1,2.220446049254674e-16,-0,-0,-9.978186661807054,0.5,1.078506214484181e+20,1.078506213733542e+20,95790.59452173243,0,1.078506213733542e+20,537763315712,9.989499979e+17,1050002100000000,1000000000000000,4.868074808684083e+39,1000000000000000,1,4.532328484946792e-13,1.22881599600063e+32,-3.055241987208144e+19,1.228815996025837e+32,-2.520693812566207e+21,1.228815996051044e+32,1.228815996025837e+32,-2.520693812566207e+21,1.22881599600063e+32,1.228815996051044e+32,0,-3.055346987418144e+19,-1,361038582883.1447,1,1,1,1
63,1.0500021,0,0,6371992.561788952,0,0,-11.81336648533112,992.5617889519781,-11.81336648533112,engineered_metric,saucer,0,0,0,0,0,80,80,0,0,-0.9999999986080013,-1.000000002783997,1,1.922962660685433e-16,0,1.0666688,1.066668799255062,-0,0,5.172092023183969e-17,0.9999999993040006,5.779529423250373e-13,26.80831092714753,4,25.13274122871834,1,1,1,30,8,1.005349704119232e-15,-4.276982211346056e+27,-4.276982211346056e+27,-4.276982211346665e+27,1.387778776453998e-15,1.554312229515346e-15,1.84299671466204e-15,1.782505838089567e-15,0.9973340126058234,0.5283018867768349,1,1,1,1,1,1,-1.554312229529257e-15,-0,-0,-9.978186501527711,0.5,1.078506214484181e+20,1.078506213733542e+20,95790.59452173243,16384,1.078506213733542e+20,537763332096,9.989333312e+17,1066668800000000,1000000000000000,2.993746630225725e+39,1000000000000000,1,5.779529423250373e-13,1.228815996000323e+32,-3.071454945866678e+19,1.228815996025897e+32,-2.55732494789679e+21,1.22881599605147e+32,1.228815996025897e+32,-2.55732494789679e+21,1.228815996000323e+32,1.22881599605147e+32,0,-3.071561612746678e+19,-1,593543792402.3606,1,1,1,1
64,1.0666688,0,0,6371992.363513247,0,0,-11.97966992318289,992.3635132471099,-11.97966992318289,engineered_metric,saucer,0,0,0,0,0,80,80,0,0,-0.9999999986080013,-1.000000002783997,1,1.92296265205785e-16,0,1.0833355,1.083335499243461,-0,0,4.221993003342907e-17,0.9999999993040006,8.449690517265503e-13,27.22719078538421,4,25.13274122871834,1,1,1,30,8,1.005349704056103e-15,-4.27698221134515e+27,-4.27698221134515e+27,-4.276982211349451e+27,1.387778776453926e-15,1.554312229511319e-15,1.842996714621684e-15,1.782505831622531e-15,0.9973340126058234,0.5283018867757245,1,1,1,1,1,1,-1.554312229529085e-15,-0,-0,-9.978186282647801,0.5,1.078506214484181e+20,1.078506213733542e+20,95790.59452173243,0,1.078506213733542e+20,537763332096,9.989166645e+17,1083335500000000,1000000000000000,1.400613780155831e+39,1000000000000000,1,8.449690517265503e-13,-6.14407998013024e+32,-7.372895976130563e+32,1.228815996005932e+32,-7.372895976136171e+32,8.601711972142103e+32,1.228815996005932e+32,-7.372895976136171e+32,-6.14407998013024e+32,8.601711972142103e+32,0,-7.372895976130563e+32,-1,5001184.050048707,1,1,1,1
65,1.0833355,0,0,6371992.162465258,0,0,-12.16509854779015,992.1624652575701,-12.16509854779015,engineered_metric,saucer,0,0,0,0,0,80,80,0,0,-0.9999999986080013,-1.000000002783997,1,1.236292035423901e-15,0,1.1000022,1.10000219923186,-0,0,2.888845858887518e-17,0.9999999993040006,1.513756647888263e-12,27.6460706436209,4,25.13274122871834,1,1,1,30,8,1.005349703989704e-15,-4.276982211343826e+27,-4.276982211343826e+27,-4.276982211356459e+27,1.38777877645385e-15,1.554312229507237e-15,1.842996714578827e-15,1.782505824753747e-15,0.9973340126058234,0.5283018867775414,1,1,1,1,1,1,-1.554312229528906e-15,-0,-0,-9.978185928283986,0.5,1.078506214484181e+20,1.078506213733542e+20,95790.59452173243,0,1.078506213733542e+20,537763332096,9.988999978e+17,1100002200000000,1000000000000000,4.364031464270134e+38,1000000000000000,1,1.513756647888263e-12,-7.372895976152237e+32,-1.228815996021996e+32,0,-7.372895976152237e+32,7.372895976152237e+32,0,-7.372895976152237e+32,-7.372895976152237e+32,7.372895976152237e+32,0,-1.228815996021996e+32,-1,474835558797.869,1,1,1,1
66,1.1000022,0,0,6371991.956941481,0,0,-12.49770542341367,991.9569414807484,-12.49770542341367,engineered_metric,saucer,0,0,0,0,0,80,80,0,0,-0.9999999986080013,-1.000000002783997,1,1.236292035520466e-15,16,1.116668900000001,1.116668899220258,-0,0,8.660768778383897e-18,0.9999999993040006,3.967729633571612e-12,28.06495050185758,4,25.13274122871834,1,1,1,30,8,1.005349703936988e-15,-4.276982211341759e+27,-4.276982211341759e+27,-4.276982211382734e+27,1.221245323377549e-15,1.387778776646016e-15,1.958998761621229e-15,1.898507866635433e-15,0.9968025200152546,0.5319148936314848,1,1,1,1,1,1,-1.554312229528956e-15,-0,-0,-19.95637207481931,0.5,1.078506214484181e+20,1.078506213733542e+20,95790.59452173243,0,1.078506213733542e+20,537763332096,9.988833311e+17,1116668900000000,1000000000000000,6.352078519095942e+37,1000000000000000,1,3.967729633571612e-12,-7.372895976152596e+32,-3.588468183088811e+19,0,-7.372895976152596e+32,7.372895976152596e+32,0,-7.372895976152596e+32,-7.372895976152596e+32,7.372895976152596e+32,0,-3.588579849978811e+19,-1,474838721550.9149,1,1,1,1
67,1.1166689,0,0,6371991.745874244,0,0,-12.83031231916601,991.7458742437884,-12.83031231916601,engineered_metric,saucer,0,0,0,0,0,80,80,0,0,-0.9999999986080013,-1.000000002783997,1,1.236292047931933e-15,16,1.133335600000001,1.133335599208657,0,-0,7.792147026605336e-17,0.9999999993040006,3.565954476001079e-11,28.48383036009426,4,25.13274122871834,1,1,1,30,8,1.005349704349101e-15,-4.276982211349256e+27,-4.276982211349256e+27,-4.276982211725564e+27,1.221245323388569e-15,1.387778774730826e-15,1.958998761961628e-15,1.898507924921821e-15,0.9968025200152503,0.5319148932856338,1,1,1,1,1,1,-1.554312229538063e-15,-0,-0,-19.95636824929276,0.5,1.078506214484181e+20,1.078506213733542e+20,95790.59452173243,0,1.078506213733542e+20,537763332096,9.988666644e+17,1133335600000000,1000000000000000,7.864088837536032e+35,1000000000000000,1,3.565954476001079e-11,-7.372895976153848e+32,-1.252360984379188e+20,0,-7.372895976153848e+32,7.372895976153848e+32,0,-7.372895976153848e+32,-7.372895976153848e+32,7.372895976153848e+32,0,-1.252372317735188e+20,-1,726443362814.899,1,1,1,1
68,1.1333356,0,0,6371991.529263547,0,0,-13.16291939549012,991.5292635466903,-13.16291939549012,engineered_metric,saucer,0,0,0,0,0,80,80,0,0,-0.9999999986080008,-1.000000002783999,1,1.236292069144046e-15,0,1.150002300000001,1.150002299197056,0,-0,6.802611687597133e-16,0.9999999993040004,3.563339407286435e-11,28.90271021833094,4,25.13274122871834,1,1,1,30,8,1.00534973520756e-15,4.276982211265852e+27,4.276982211265852e+27,4.276982210948252e+27,1.387778776444247e-15,1.221245322835506e-15,1.842996731892143e-15,1.903492917561595e-15,0.9973340126062867,0.4680851063741631,0,0,0,0,0,0,1.554312229506025e-15,-0,-0,-19.95637941141195,0.5,1.078506214484181e+20,1.078506213733542e+20,119738.2431521655,-16384,1.078506213733542e+20,537763315712,9.988499977e+17,1150002300000000,1000000000000000,7.875635690934794e+35,1000000000000000,1,3.563339407286435e-11,-7.372895976154485e+32,-6.36989131295283e+19,0,-7.372895976154485e+32,7.372895976154485e+32,0,-7.372895976154485e+32,-7.372895976154485e+32,7.372895976154485e+32,0,-6.37000631318283e+19,-1,300867896.4334797,1,1,1,1
69,1.1500023,0,0,6371991.307109389,0,0,-13.49552632793508,991.3071093885228,-13.49552632793508,engineered_metric,saucer,0,0,0,0,0,80,80,0,0,-0.9999999986080008,-1.000000002783999,1,1.23629204200633e-15,0,1.166669000000001,1.166668999185454,0,-0,1.981761246565279e-16,0.9999999993040004,3.965437062107532e-12,29.32159007656762,4,25.13274122871834,1,1,1,30,8,1.005349706561519e-15,4.276982211318549e+27,4.276982211318549e+27,4.276982211296257e+27,1.387778776452561e-15,1.221245323288958e-15,1.842996716008397e-15,1.903488060786589e-15,0.9973340126058757,0.4680851064085184,0,0,0,0,0,0,1.55431222952584e-15,-0,-0,-19.95637558626888,0.5,1.078506214484181e+20,1.078506213733542e+20,119738.2431521655,0,1.078506213733542e+20,537763315712,9.98833331e+17,1166669000000000,1000000000000000,6.359425403345904e+37,1000000000000000,1,3.965437062107532e-12,6.14407998008435e+32,1.351697595623884e+33,7.372895976133678e+32,-1.228815996049328e+32,8.601711972183004e+32,7.372895976133678e+32,-1.228815996049328e+32,6.14407998008435e+32,8.601711972183004e+32,0,1.351697595623884e+33,1,474859268075.7191,1,1,1,1
70,1.166669,0,0,6371991.079876037,0,0,-13.73084558661286,991.0798760373145,-13.73084558661286,engineered_metric,saucer,0,0,0,0,0,80,80,0,0,-0.9999999986080008,-1.000000002783999,1,1.236292038921586e-15,16,1.183335700000001,1.183335699173853,0,-0,1.354581338835234e-16,0.9999999993040004,1.513487300511774e-12,29.74046993480431,4,25.13274122871834,1,1,1,30,8,1.005349705150335e-15,4.276982211325401e+27,4.276982211325401e+27,4.2769822113236e+27,1.387778776452167e-15,1.22124532333908e-15,1.898507866455334e-15,1.903487820805006e-15,0.9973340126058442,0.4680851064023351,0,0,0,0,0,0,1.554312229528048e-15,-0,-0,-19.95637481797712,0.5,1.078506214484181e+20,1.078506213733542e+20,119738.2431521655,0,1.078506213733542e+20,537763315712,9.988166643e+17,1183335700000000,1000000000000000,4.365584889949881e+38,1000000000000000,1,1.513487300511774e-12,6.14407998008376e+32,-5.894311192302505e+19,7.372895976133763e+32,-1.228815996050001e+32,8.601711972183764e+32,7.372895976133763e+32,-1.228815996050001e+32,6.14407998008376e+32,8.601711972183764e+32,0,-5.894429525872505e+19,-1,809029890612.3047,1,1,1,1
71,1.1833357,0,0,6371990.849642291,0,0,-13.89714904494552,990.8496422907338,-13.89714904494552,engineered_metric,saucer,0,0,0,0,0,80,80,0,0,-0.9999999986080008,-1.000000002783999,1,1.922962728239731e-16,16,1.200002400000001,1.200002399162251,0,0,1.105382776295306e-16,0.9999999993040004,8.448949897760161e-13,30.15934979304098,4,25.13274122871834,1,1,1,30,8,1.005349704739405e-15,4.27698221132812e+27,4.27698221132812e+27,4.276982211331124e+27,1.387778776453128e-15,1.221245323564975e-15,1.898507866226868e-15,1.958998901879852e-15,0.9973340126058349,0.4680851063907324,0,0,0,0,0,0,1.554312229528873e-15,-0,-0,-9.978187548219216,0.5,1.078506214484181e+20,1.078506213733542e+20,119738.2431521655,0,1.078506213733542e+20,537763315712,9.987999976e+17,1200002400000000,1000000000000000,1.400859341406035e+39,1000000000000000,1,8.448949897760161e-13,6.144079980083329e+32,-4.309044123468091e+19,7.372895976133816e+32,-1.228815996050486e+32,8.601711972184301e+32,7.372895976133816e+32,-1.228815996050486e+32,6.144079980083329e+32,8.601711972184301e+32,0,-4.309164123708091e+19,-1,69967802.94379307,1,1,1,1
72,1.2000024,0,0,6371990.616636815,0,0,-14.06345249904488,990.6166368145496,-14.06345249904488,engineered_metric,saucer,0,0,0,0,0,80,80,0,0,-0.9999999986080006,-1.000000002783999,1,1.922962713864076e-16,16,1.216669100000001,1.21666909915065,0,0,9.640982806536742e-17,0.9999999993040003,5.779279485152027e-13,30.57822965127767,4,25.13274122871834,1,1,1,30,8,1.570092500031586e-16,-1.120248238139398e+16,-1.120248238139398e+16,-6711414231861497,3.885780580005412e-16,2.220446050282278e-16,5.961187115548083e-16,3.235431311296377e-16,0.99946566289237,0.3636363639969257,1,0,1,1,0,0,-2.220446049255567e-16,-0,-0,-9.978187329354112,0.5,1.078506214484181e+20,1.078506213733542e+20,119738.2431521655,0,1.078506213733542e+20,537763315712,9.987833309e+17,1216669100000000,1000000000000000,2.994005578602085e+39,1000000000000000,1,5.779279485152027e-13,6.144079980083028e+32,-3.019213190189181e+19,7.372895976133859e+32,-1.228815996050832e+32,8.60171197218469e+32,7.372895976133859e+32,-1.228815996050832e+32,6.144079980083028e+32,8.60171197218469e+32,0,-3.01933485709918e+19,-1,118698803211.348,1,1,1,1
73,1.2166691,0,0,6371990.380859608,0,0,-14.22975595022751,990.3808596078306,-14.22975595022751,engineered_metric,saucer,0,0,0,0,0,80,80,0,0,-0.9999999986080006,-1.000000002783999,1,1.922962703568128e-16,-16,1.233335800000001,1.233335799139049,0,0,8.667713015772072e-17,0.9999999993040003,4.532259087649138e-13,30.99710950951435,4,25.13274122871834,1,1,1,30,8,1.570092492378219e-16,-1.016744721337713e+16,-1.016744721337713e+16,-5313359971055080,3.88578058000729e-16,2.220446049299281e-16,3.185629551141459e-16,2.680318971485014e-16,0.9994656628923763,0.363636364009541,1,0,1,1,0,0,-2.220446049252594e-16,-0,-0,-9.978187169078151,0.5,1.078506214484181e+20,1.078506213733542e+20,119738.2431521655,16384,1.078506213733542e+20,537763332096,9.987666642e+17,1233335800000000,1000000000000000,4.868223888344525e+39,1000000000000000,1,4.532259087649138e-13,1.228815995995931e+32,-4.915263984087097e+32,1.228815996034865e+32,-3.893413813813432e+21,1.228815996073799e+32,1.228815996034865e+32,-3.893413813813432e+21,1.228815995995931e+32,1.228815996073799e+32,0,-4.915263984087097e+32,-1,474826938296.3158,1,1,1,1
74,1.2333358,0,0,6371990.142358068,0,0,-14.36529299028057,990.1423580683768,-14.36529299028057,engineered_metric,saucer,0,0,0,0,0,80,80,0,0,-0.9999999986080006,-1.000000002783999,1,1.922962695053211e-16,-16,1.250002500000001,1.250002499127447,0,0,7.902016012028204e-17,0.9999999993040003,3.953327509350825e-13,31.41598936775103,4,25.13274122871834,1,1,1,30,8,1.570092486938766e-16,-9336671886787232,-9336671886787232,-4668291431714364,3.885780580006331e-16,2.220446049250306e-16,3.185629549121855e-16,2.68031838276695e-16,0.9994656628923756,0.3636363640044943,1,0,1,1,0,0,-2.220446049250313e-16,-0,-0,-9.978187036527318,0.5,1.078506214484181e+20,1.078506213733542e+20,143685.8917825987,0,1.078506213733542e+20,537763332096,9.987499975e+17,1250002500000000,1000000000000000,6.398444555045135e+39,1000000000000000,1,3.953327509350825e-13,1.228815995995626e+32,-3.044433348102455e+19,1.22881599603502e+32,-3.93936051694723e+21,1.228815996074413e+32,1.22881599603502e+32,-3.93936051694723e+21,1.228815995995626e+32,1.228815996074413e+32,0,-3.044558348352454e+19,-0.9999999999999989,59349401618.02536,1,1,1,1
75,1.2500025,0,0,6371989.902936039,0,0,-14.36529298930049,989.9029360385612,-14.36529298930049,engineered_metric,saucer,0,0,0,0,0,80,80,0,0,-0.9999999986080006,-1.000000002783999,1,5.426685583688053e-21,-16,1.266669200000001,1.266669199115846,0,0,7.233579750669584e-17,0.9999999993040003,3.782468424246169e-13,31.83486922598771,4,25.13274122871834,1,1,1,30,8,1.57009248268046e-16,-8540360344179936,-8540360344179936,-4463175984287917,5.551115110760175e-16,3.885780580362807e-16,5.356278150129412e-16,5.961189388717207e-16,0.9999999999999993,0.4117647060561395,1,0,1,1,0,0,-2.220446049248379e-16,-0,-0,1.789652977137911e-11,0.5,1.078506214484181e+20,1.078506213733542e+20,143685.8917825987,0,1.078506213733542e+20,537763332096,9.987333308e+17,1266669200000000,1000000000000000,6.989552599497808e+39,1000000000000000,1,3.782468424246169e-13,-2.631062698940094e+21,-1.228815996021937e+32,1.228815996035146e+32,-1.228815996061457e+32,2.457631992096602e+32,1.228815996035146e+32,-1.228815996061457e+32,-2.631062698940094e+21,2.457631992096602e+32,0,-1.228815996021937e+32,-1,132709397522.0634,1,1,1,1
76,1.2666692,0,0,6371989.663514009,0,0,-14.36529298640505,989.6635140087456,-14.36529298640505,engineered_metric,saucer,0,0,0,0,0,80,80,0,0,-0.9999999986080006,-1.000000002783999,1,4.94743304348197e-21,-16,1.283335900000002,1.283335899104245,0,0,6.594752452255675e-17,0.9999999993040003,3.953444023489126e-13,32.2537490842244,4,25.13274122871834,1,1,1,30,8,2.386027294480413e-20,-7786125843626903,-7786125843626903,-4664913248320454,3.88585938104871e-16,2.221864214699496e-16,2.513485977299903e-16,3.120288957077053e-16,0.9999999999999996,0.3636364815126339,1,1,1,1,1,1,3.693841230630959e-28,-0,-0,1.211076060619989e-07,0.5,1.078506214484181e+20,1.078506213733542e+20,143685.8917825987,0,1.078506213733542e+20,537763332096,9.987166641e+17,1283335900000000,1000000000000000,6.398067416396548e+39,1000000000000000,1,3.953444023489126e-13,-2.631101777527144e+21,-3.907858704996762e+16,1.228815996035146e+32,-1.228815996061457e+32,2.457631992096603e+32,1.228815996035146e+32,-1.228815996061457e+32,-2.631101777527144e+21,2.457631992096603e+32,0,-4.036192294996762e+16,-1,19248484.90433541,1,1,1,1
77,1.2833359,0,0,6371989.424091979,0,0,-14.36529298151435,989.4240919789299,-14.36529298151435,engineered_metric,saucer,0,0,0,0,0,80,80,0,0,-0.9999999986080006,-1.000000002783999,1,4.448286056097512e-21,-16,1.300002600000002,1.300002599092643,0,0,5.929406033524574e-17,0.9999999993040003,4.532538152306203e-13,32.67262894246108,4,25.13274122871834,1,1,1,30,8,1.570092475529361e-16,-7000581437048450,-7000581437048450,-5348244508986558,3.885780580008609e-16,5.551115110877389e-16,3.185629545112846e-16,5.911391125439337e-16,0.9994656628923698,0.5882352939650995,1,1,1,1,1,1,2.220446049255732e-16,-0,-0,2.536650252490774e-07,0.5,1.078506214484181e+20,1.078506213733542e+20,143685.8917825987,0,1.078506213733542e+20,537763332096,9.986999974e+17,1300002600000000,1000000000000000,4.867624441693715e+39,1000000000000000,1,4.532538152306203e-13,-2.631081345426886e+21,2.043210025821798e+16,1.228815996035146e+32,-1.228815996061457e+32,2.457631992096603e+32,1.228815996035146e+32,-1.228815996061457e+32,-2.631081345426886e+21,2.457631992096603e+32,0,1.913209765821798e+16,0.8803610853048761,32501097.15508251,1,1,1,1
78,1.3000026,0,0,6371989.184669949,0,0,-14.36529297435259,989.1846699491143,-14.36529297435259,engineered_metric,saucer,0,0,0,0,0,80,80,0,0,-0.9999999986080006,-1.000000002783999,1,3.880303040719828e-21,-16,1.316669300000002,1.316669299081042,-0,0,5.172302732722652e-17,0.9999999993040003,5.779882587901525e-13,33.09150880069776,4,25.13274122871834,1,1,1,30,8,1.570092472026804e-16,-6106763175750325,-6106763175750325,-6820055974599737,3.885780580009369e-16,5.55111511091575e-16,3.185629543724421e-16,5.911390770954227e-16,0.99946566289237,0.588235293962831,1,1,1,1,1,1,2.220446049257539e-16,-0,-0,4.139567858008657e-07,0.5,1.078506214484181e+20,1.078506213733542e+20,143685.8917825987,0,1.078506213733542e+20,537763332096,9.986833307e+17,1316669300000000,1000000000000000,2.993380791243052e+39,1000000000000000,1,5.779882587901525e-13,-1.228815996048038e+32,-1.228815996021727e+32,2.435079285050213e+21,-1.228815996072388e+32,1.228815996096739e+32,2.435079285050213e+21,-1.228815996072388e+32,-1.228815996048038e+32,1.228815996096739e+32,0,-1.228815996021727e+32,-1,118698803249.8925,1,1,1,1
79,1.3166693,0,0,6371988.944186902,0,0,-14.51080852278209,988.9441869016737,-14.51080852278209,engineered_metric,saucer,0,0,0,0,0,80,80,0,0,-0.9999999986080006,-1.000000002783999,1,1.922962652140285e-16,-16,1.333336000000002,1.333335999069441,-0,0,4.222162243380696e-17,0.9999999993040003,8.450265226963472e-13,33.51038865893445,4,25.13274122871834,1,1,1,30,8,1.570092468294297e-16,-5031024788254508,-5031024788254508,-1.006327707905805e+16,3.885780580016661e-16,5.551115109067314e-16,5.961187103823042e-16,5.356278893661161e-16,0.9994656628923819,0.5882352939858064,1,1,1,1,1,1,2.220446049259554e-16,-0,-0,6.328519322839266e-07,0.5,1.078506214484181e+20,1.078506213733542e+20,143685.8917825987,0,1.078506213733542e+20,537763332096,9.98666664e+17,1333336000000000,1000000000000000,1.400423272774487e+39,1000000000000000,1,8.450265226963472e-13,1.228815995995333e+32,2.457631992043371e+32,1.22881599602688e+32,-3.154652793655836e+21,1.228815996058426e+32,1.22881599602688e+32,-3.154652793655836e+21,1.228815995995333e+32,1.228815996058426e+32,0,2.457631992043371e+32,1,237419234957.4516,1,1,1,1
80,1.333336,0,0,6371988.700953744,0,0,-14.67711195662994,988.7009537443519,-14.67711195662994,engineered_metric,saucer,0,0,0,0,0,80,80,0,0,-0.9999999986080006,-1.000000002783999,1,1.922962644361625e-16,-16,1.350002700000002,1.350002699057839,-0,0,2.888964407067646e-17,0.9999999993040003,1.513886651191912e-12,33.92926851717113,4,25.13274122871834,1,1,1,30,8,1.570092464334904e-16,-3474080345601194,-3474080345601194,-1.819406157856387e+16,3.885780580018952e-16,5.551115108702043e-16,5.961187102258395e-16,5.356278493627745e-16,0.9994656628923919,0.5882352939393674,1,1,1,1,1,1,2.220446049261677e-16,-0,-0,-9.978185928206432,0.5,1.078506214484181e+20,1.078506213733542e+20,143685.8917825987,0,1.078506213733542e+20,537763332096,9.986499973e+17,1350002700000000,1000000000000000,4.363281983921177e+38,1000000000000000,1,1.513886651191912e-12,1.228815995995059e+32,-2.747195772696003e+19,1.228815996026934e+32,-3.187517624232093e+21,1.228815996058809e+32,1.228815996026934e+32,-3.187517624232093e+21,1.228815995995059e+32,1.228815996058809e+32,0,-2.747330772966003e+19,-1,244727018723.5987,1,1,1,1
81,1.3500027,0,0,6371988.454948856,0,0,-14.84341538439045,988.4549488564953,-14.84341538439045,engineered_metric,saucer,0,0,0,0,0,80,80,0,0,-0.9999999986080004,-1.000000002783999,1,1.922962647396017e-16,-16,1.366669400000002,1.366669399046238,-0,0,8.659590229618619e-18,0.9999999993040002,3.967687685396676e-12,34.34814837540781,4,25.13274122871834,1,1,1,30,8,1.005349703936593e-15,-4.276982211341896e+27,-4.276982211341896e+27,-4.27698221138896e+27,1.387778776453793e-15,1.554312229507654e-15,1.842996714544537e-15,1.782505819247886e-15,0.997334012605823,0.5283018867731181,1,1,1,1,1,1,-1.554312229528778e-15,-0,-0,-9.978185159410829,0.5,1.078506214484181e+20,1.078506213733542e+20,143685.8917825987,0,1.078506213733542e+20,537763332096,9.986333306e+17,1366669400000000,1000000000000000,6.352212833855878e+37,1000000000000000,1,3.967687685396676e-12,1.228815995994726e+32,-3.327259404701322e+19,1.228815996026998e+32,-3.227234931331568e+21,1.228815996059271e+32,1.228815996026998e+32,-3.227234931331568e+21,1.228815995994726e+32,1.228815996059271e+32,0,-3.327396071641322e+19,-1,562426970337.8164,1,1,1,1
82,1.3666694,0,0,6371988.206172239,0,0,-15.00971883228424,988.2061722390354,-15.00971883228424,engineered_metric,saucer,0,0,0,0,0,80,80,0,0,-0.9999999986080004,-1.000000002783999,1,1.922963044586879e-16,-16,1.383336100000002,1.383336099034637,0,-0,7.741067505055212e-17,0.9999999993040002,3.542174880519153e-11,34.7670282336445,4,25.13274122871834,1,1,1,30,8,1.005349704319494e-15,-4.276982211350322e+27,-4.276982211350322e+27,-4.276982211774221e+27,1.387778776458297e-15,1.554312229728742e-15,1.842996714819902e-15,1.782505862052704e-15,0.9973340126058177,0.5283018868077558,1,1,1,1,1,1,-1.554312229539467e-15,-0,-0,-9.978181371384595,0.5,1.078506214484181e+20,1.078506213733542e+20,143685.8917825987,0,1.078506213733542e+20,537763332096,9.986166639e+17,1383336100000000,1000000000000000,7.970030845061727e+35,1000000000000000,1,3.542174880519153e-11,-6.144079980136404e+32,-7.37289597613113e+32,1.228815996001447e+32,-7.37289597613785e+32,8.601711972139297e+32,1.228815996001447e+32,-7.37289597613785e+32,-6.144079980136404e+32,8.601711972139297e+32,0,-7.37289597613113e+32,-1,549764202565.0568,1,1,1,1
83,1.3833361,0,0,6371987.954021041,0,0,-15.2866143653648,987.9540210412815,-15.2866143653648,engineered_metric,saucer,0,0,0,0,0,80,80,0,0,-0.9999999986080004,-1.000000002783999,1,1.236292069526349e-15,0,1.400002800000002,1.400002799023035,0,-0,6.817980437454093e-16,0.9999999993040002,3.571270346650499e-11,35.18590809188117,4,25.13274122871834,1,1,1,30,8,1.005349733579977e-15,-4.276982211425612e+27,-4.276982211425612e+27,-4.276982211784611e+27,1.221245323408894e-15,1.387778771597929e-15,1.958998787100172e-15,1.898512478416648e-15,0.9968025200152518,0.5319148938302527,1,1,1,1,1,1,-1.554312229557638e-15,-0,-0,-9.978192508706108,0.5,1.078506214484181e+20,1.078506213733542e+20,143685.8917825987,0,1.078506213733542e+20,537763332096,9.985999972e+17,1400002800000000,1000000000000000,7.840694716232266e+35,1000000000000000,1,3.571270346650499e-11,-7.372895976158669e+32,-1.228815996022264e+32,0,-7.372895976158669e+32,7.372895976158669e+32,0,-7.372895976158669e+32,-7.372895976158669e+32,7.372895976158669e+32,0,-1.228815996022264e+32,-1,457384261.6392828,1,1,1,1
84,1.4000028,0,0,6371987.696471898,0,0,-15.61922129783071,987.6964718978852,-15.61922129783071,engineered_metric,saucer,0,0,0,0,0,80,80,0,0,-0.9999999986080004,-1.000000002783999,1,1.236292042035877e-15,0,1.416669500000002,1.416669499011434,0,-0,1.982907967202546e-16,0.9999999993040002,3.967665864674056e-12,35.60478795011785,4,25.13274122871834,1,1,1,30,8,1.005349706418648e-15,-4.276982211365922e+27,-4.276982211365922e+27,-4.276982211390995e+27,1.221245323383637e-15,1.387778775659832e-15,1.958998763775657e-15,1.898508255765328e-15,0.9968025200152542,0.5319148935539469,1,1,1,1,1,1,-1.554312229534489e-15,-0,-0,-19.95637558728574,0.5,1.078506214484181e+20,1.078506213733542e+20,143685.8917825987,0,1.078506213733542e+20,537763332096,9.985833305e+17,1416669500000000,1000000000000000,6.35228270377948e+37,1000000000000000,1,3.967665864674056e-12,-7.372895976158334e+32,3.343472363359856e+19,0,-7.372895976158334e+32,7.372895976158334e+32,0,-7.372895976158334e+32,-7.372895976158334e+32,7.372895976158334e+32,0,3.343330696409856e+19,0.9999152611822324,16538440.99492866,1,1,1,1
85,1.4166695,0,0,6371987.433379294,0,0,-15.95182821149464,987.4333792943507,-15.95182821149464,engineered_metric,saucer,0,0,0,0,0,80,80,0,0,-0.9999999986079999,-1.000000002784001,1,1.236292039077191e-15,-16,1.433336200000002,1.433336198999833,0,-0,1.35476270084707e-16,0.999999999304,1.513676789003323e-12,36.02366780835454,4,25.13274122871834,1,1,1,30,8,1.00534970508097e-15,4.276982211323421e+27,4.276982211323421e+27,4.276982211321388e+27,1.387778776453364e-15,1.221245323337281e-15,1.842996715210409e-15,1.903487820782379e-15,0.9973340126058472,0.4680851064022741,0,0,0,0,0,0,1.554312229527762e-15,-0,-0,-19.95637481810781,0.5,1.078506214484181e+20,1.078506213733542e+20,167633.5404130318,0,1.078506213733542e+20,537763332096,9.985666638e+17,1433336200000000,1000000000000000,4.364491953434542e+38,1000000000000000,1,1.513676789003323e-12,-7.372895976158909e+32,-5.750196004226649e+19,0,-7.372895976158909e+32,7.372895976158909e+32,0,-7.372895976158909e+32,-7.372895976158909e+32,7.372895976158909e+32,0,-5.75033933784665e+19,-1,30968103.15554911,1,1,1,1
86,1.4333362,0,0,6371987.164743231,0,0,-16.28443511769155,987.1647432306781,-16.28443511769155,engineered_metric,saucer,0,0,0,0,0,80,80,0,0,-0.9999999986079999,-1.000000002784001,1,1.236292038034523e-15,0,1.450002900000002,1.450002898988231,0,0,1.105433317976172e-16,0.999999999304,8.449306798404515e-13,36.44254766659122,4,25.13274122871834,1,1,1,30,8,1.005349704690235e-15,4.276982211326395e+27,4.276982211326395e+27,4.276982211329806e+27,1.387778776453763e-15,1.221245323356415e-15,1.842996714985701e-15,1.903487750458261e-15,0.9973340126058367,0.4680851064045879,0,0,0,0,0,0,1.554312229528709e-15,-0,-0,-19.95637446370404,0.5,1.078506214484181e+20,1.078506213733542e+20,167633.5404130318,0,1.078506213733542e+20,537763332096,9.985499971e+17,1450002900000000,1000000000000000,1.400740998669962e+39,1000000000000000,1,8.449306798404515e-13,6.144079980079253e+32,1.351697595623816e+33,7.372895976134394e+32,-1.22881599605514e+32,8.601711972189533e+32,7.372895976134394e+32,-1.22881599605514e+32,6.144079980079253e+32,8.601711972189533e+32,0,1.351697595623816e+33,1,55928714.53241563,1,1,1,1
87,1.4500029,0,0,6371986.891791308,0,0,-16.45988524313658,986.8917913082987,-16.45988524313658,engineered_metric,saucer,0,0,0,0,0,80,80,0,0,-0.9999999986079999,-1.000000002784001,1,1.236292037588542e-15,0,1.466669600000002,1.46666959897663,0,0,9.641290350015099e-17,0.999999999304,5.779465495978661e-13,36.8614275248279,4,25.13274122871834,1,1,1,30,8,1.005349704504864e-15,4.276982211328148e+27,4.276982211328148e+27,4.276982211333236e+27,1.387778776453599e-15,1.221245323477752e-15,1.898507866109784e-15,1.958998868242038e-15,0.9973340126058329,0.4680851064045725,0,0,0,0,0,0,1.554312229529225e-15,-0,-0,-19.95637424482306,0.5,1.078506214484181e+20,1.078506213733542e+20,167633.5404130318,0,1.078506213733542e+20,537763332096,9.985333304e+17,1466669600000000,1000000000000000,2.993812858880554e+39,1000000000000000,1,5.779465495978661e-13,6.144079980078647e+32,-6.060043658589739e+19,7.372895976134479e+32,-1.228815996055832e+32,8.601711972190312e+32,7.372895976134479e+32,-1.228815996055832e+32,6.144079980078647e+32,8.601711972190312e+32,0,-6.060190325549739e+19,-1,53525530.6892644,1,1,1,1
88,1.4666696,0,0,6371986.616073477,0,0,-16.62618869431924,986.616073477082,-16.62618869431924,engineered_metric,saucer,0,0,0,0,0,80,80,0,0,-0.9999999986079997,-1.000000002784001,1,1.922962703568382e-16,16,1.483336300000002,1.483336298965028,0,0,8.667918576801371e-17,0.9999999993039999,4.532381136871496e-13,37.28030738306458,4,25.13274122871834,1,1,1,30,8,1.570092490391921e-16,-1.149913289008117e+16,-1.149913289008117e+16,-6009260565192622,3.885780580006124e-16,2.220446049694027e-16,5.961187112331868e-16,3.235430483809849e-16,0.9994656628923698,0.3636363640452634,1,0,1,1,0,0,-2.220446049252982e-16,-0,-0,-9.978187169082076,0.5,1.078506214484181e+20,1.078506213733542e+20,167633.5404130318,-16384,1.078506213733542e+20,537763315712,9.985166637e+17,1483336300000000,1000000000000000,4.867961706095504e+39,1000000000000000,1,4.532381136871496e-13,6.144079980078323e+32,-3.242591731706757e+19,7.372895976134519e+32,-1.228815996056197e+32,8.601711972190716e+32,7.372895976134519e+32,-1.228815996056197e+32,6.144079980078323e+32,8.601711972190716e+32,0,-3.242740065336757e+19,-1,59366179075.82525,1,1,1,1
89,1.4833363,0,0,6371986.337583916,0,0,-16.79249214320681,986.3375839162618,-16.79249214320681,engineered_metric,saucer,0,0,0,0,0,80,80,0,0,-0.9999999986079997,-1.000000002784001,1,1.922962695053209e-16,0,1.500003000000003,1.500002998953427,0,0,7.902190706253377e-17,0.9999999993039999,3.953438214314971e-13,37.69918724130127,4,25.13274122871834,1,1,1,30,8,1.570092485294987e-16,-1.056451906394489e+16,-1.056451906394489e+16,-5282244700716462,3.885780580006326e-16,2.220446049250305e-16,3.185629548810824e-16,2.680318382533469e-16,0.9994656628923765,0.3636363640044944,1,0,1,1,0,0,-2.220446049250313e-16,-0,-0,-9.978187036527254,0.5,1.078506214484181e+20,1.078506213733542e+20,167633.5404130318,16384,1.078506213733542e+20,537763332096,9.98499997e+17,1500003000000000,1000000000000000,6.39808621902513e+39,1000000000000000,1,3.953438214314971e-13,-1.228815996052221e+32,-7.372895976130543e+32,2.818176981478793e+21,-1.228815996080402e+32,1.228815996108584e+32,2.818176981478793e+21,-1.228815996080402e+32,-1.228815996052221e+32,1.228815996108584e+32,0,-7.372895976130543e+32,-1,474856486168.3896,1,1,1,1
90,1.500003,0,0,6371986.056392751,0,0,-16.92137705664101,986.0563927507028,-16.92137705664101,engineered_metric,saucer,0,0,0,0,0,80,80,0,0,-0.9999999986079997,-1.000000002784001,1,1.922962687274439e-16,0,1.516669700000003,1.516669698941826,0,0,7.233707099433508e-17,0.9999999993039999,3.782568421898354e-13,38.11806709953795,4,25.13274122871834,1,1,1,30,8,1.570092481246534e-16,-9723757352313956,-9723757352313956,-5081614706574794,3.885780580005367e-16,2.220446049207115e-16,3.185629547254364e-16,2.680317913093224e-16,0.999465662892376,0.3636363640000504,1,0,1,1,0,0,-2.220446049248041e-16,-0,-0,-9.978186915435952,0.5,1.078506214484181e+20,1.078506213733542e+20,191581.1890434649,0,1.078506213733542e+20,537763332096,9.984833303e+17,1516669700000000,1000000000000000,6.9891830465734e+39,1000000000000000,1,3.782568421898354e-13,1.228815995990924e+32,2.457631992043145e+32,1.228815996037414e+32,-4.648935243591964e+21,1.228815996083903e+32,1.228815996037414e+32,-4.648935243591964e+21,1.228815995990924e+32,1.228815996083903e+32,0,2.457631992043145e+32,1,132707712295.0546,1,1,1,1
91,1.5166697,0,0,6371985.77436924,0,0,-16.92137705374543,985.7743692398071,-16.92137705374543,engineered_metric,saucer,0,0,0,0,0,80,80,0,0,-0.9999999986079997,-1.000000002784001,1,5.829255324036253e-21,0,1.533336400000003,1.533336398930224,0,0,6.594891293104069e-17,0.9999999993039999,3.953574220706976e-13,38.53694695777463,4,25.13274122871834,1,1,1,30,8,1.570092477781922e-16,-8859033671594552,-8859033671594552,-5307754287156453,5.551115110757885e-16,3.885780580683762e-16,5.356278148604568e-16,5.961189001892424e-16,0.9999999999999996,0.4117647060334944,1,0,1,1,0,0,-2.220446049245961e-16,-0,-0,1.211150183604018e-07,0.5,1.078506214484181e+20,1.078506213733542e+20,191581.1890434649,0,1.078506213733542e+20,537763332096,9.984666636e+17,1533336400000000,1000000000000000,6.397646027134794e+39,1000000000000000,1,3.953574220706976e-13,-3.100045923611407e+21,-1.228815996021925e+32,1.228815996037533e+32,-1.228815996068533e+32,2.457631992106067e+32,1.228815996037533e+32,-1.228815996068533e+32,-3.100045923611407e+21,2.457631992106067e+32,0,-1.228815996021925e+32,-1,167886463092.8303,1,1,1,1
92,1.5333364,0,0,6371985.492345729,0,0,-16.92137704885451,985.4923457289115,-16.9213770488545,engineered_metric,saucer,0,0,0,0,0,80,80,0,0,-0.9999999986079997,-1.000000002784001,1,5.241160938029762e-21,0,1.550003100000003,1.550003098918623,0,0,5.929553534568289e-17,0.9999999993039999,4.532720772792071e-13,38.95582681601131,4,25.13274122871834,1,1,1,30,8,1.570092474548551e-16,-7965386457425818,-7965386457425818,-6085342590392189,3.885780580005915e-16,3.885780581044428e-16,2.630518045019692e-16,2.630519576286516e-16,0.9994656628923698,0.5000000000217046,1,1,1,1,1,1,2.220446049256698e-16,-0,-0,2.536781371850955e-07,0.5,1.078506214484181e+20,1.078506213733542e+20,191581.1890434649,0,1.078506213733542e+20,537763332096,9.984499969e+17,1550003100000000,1000000000000000,4.867232222504426e+39,1000000000000000,1,4.532720772792071e-13,-3.100001893049776e+21,4.403056163107635e+16,1.228815996037533e+32,-1.228815996068534e+32,2.457631992106067e+32,1.228815996037533e+32,-1.228815996068534e+32,-3.100001893049776e+21,2.457631992106067e+32,0,4.248055853107635e+16,0.9319884205408616,7672177.911389174,1,1,1,1
93,1.5500031,0,0,6371985.210322218,0,0,-16.92137704169238,985.2103222180158,-16.92137704169238,engineered_metric,saucer,0,0,0,0,0,80,80,0,0,-0.9999999986079997,-1.000000002784001,1,4.571976253001033e-21,0,1.566669800000003,1.566669798907022,-0,0,5.172474126740016e-17,0.9999999993039999,5.780191110882007e-13,39.374706674248,4,25.13274122871834,1,1,1,30,8,1.570092471281039e-16,-6948381533172439,-6948381533172439,-7760108745742724,3.885780580009916e-16,5.551115110923871e-16,3.185629543611244e-16,5.911390770978057e-16,0.99946566289237,0.5882352939627972,1,1,1,1,1,1,2.220446049258827e-16,-0,-0,4.13980537060432e-07,0.5,1.078506214484181e+20,1.078506213733542e+20,191581.1890434649,0,1.078506213733542e+20,537763332096,9.984333302e+17,1566669800000000,1000000000000000,2.993061250903062e+39,1000000000000000,1,5.780191110882007e-13,-1.228815996052726e+32,-1.228815996021726e+32,2.868491300386969e+21,-1.228815996081411e+32,1.228815996110096e+32,2.868491300386969e+21,-1.228815996081411e+32,-1.228815996052726e+32,1.228815996110096e+32,0,-1.228815996021726e+32,-1,13794121.33391102,1,1,1,1
94,1.5666698,0,0,6371984.927871858,0,0,-17.01367559320169,984.9278718577698,-17.01367559320169,engineered_metric,saucer,0,0,0,0,0,80,80,0,0,-0.9999999986079997,-1.000000002784001,1,1.922962652238058e-16,0,1.583336500000003,1.58333649889542,-0,0,4.222376304103273e-17,0.9999999993039999,8.450929922971562e-13,39.79358653248468,4,25.13274122871834,1,1,1,30,8,1.570092467806306e-16,-5701065619546990,-5701065619546990,-1.140364381781977e+16,3.885780580017416e-16,5.551115109075201e-16,5.961187103750443e-16,5.356278893707194e-16,0.9994656628923839,0.5882352939857165,1,1,1,1,1,1,2.220446049261169e-16,-0,-0,6.329008228780704e-07,0.5,1.078506214484181e+20,1.078506213733542e+20,191581.1890434649,0,1.078506213733542e+20,537763332096,9.984166635e+17,1583336500000000,1000000000000000,1.400202984791991e+39,1000000000000000,1,8.450929922971562e-13,1.228815995990641e+32,2.457631992043367e+32,1.228815996027803e+32,-3.716215111046458e+21,1.228815996064965e+32,1.228815996027803e+32,-3.716215111046458e+21,1.228815995990641e+32,1.228815996064965e+32,0,2.457631992043367e+32,1,167874627650.227,1,1,1,1
95,1.5833365,0,0,6371984.642924166,0,0,-17.17997902704784,984.6429241662845,-17.17997902704784,engineered_metric,saucer,0,0,0,0,0,80,80,0,0,-0.9999999986079997,-1.000000002784001,1,1.92296264440387e-16,0,1.600003200000003,1.600003198883819,-0,0,2.889225783370651e-17,0.9999999993039999,1.514091506199774e-12,40.21246639072136,4,25.13274122871834,1,1,1,30,8,1.570092464110153e-16,-3931331608770897,-3931331608770897,-2.058925332283523e+16,3.885780580019866e-16,5.551115108711485e-16,5.961187102225859e-16,5.356278493681418e-16,0.9994656628923955,0.5882352939394594,1,1,1,1,1,1,2.22044604926363e-16,-0,-0,-9.978185928079892,0.5,1.078506214484181e+20,1.078506213733542e+20,191581.1890434649,0,1.078506213733542e+20,537763332096,9.983999968e+17,1600003200000000,1000000000000000,4.362101368755403e+38,1000000000000000,1,1.514091506199774e-12,1.228815995990462e+32,-1.794234091544406e+19,1.228815996027839e+32,-3.737729253297401e+21,1.228815996065216e+32,1.228815996027839e+32,-3.737729253297401e+21,1.228815995990462e+32,1.228815996065216e+32,0,-1.794394091864406e+19,-1,118719774954.2898,1,1,1,1
96,1.6000032,0,0,6371984.355204745,0,0,-17.34628245480219,984.3552047451958,-17.34628245480219,engineered_metric,saucer,0,0,0,0,0,80,80,0,0,-0.9999999986079995,-1.000000002784,1,1.92296264738947e-16,0,1.616669900000003,1.616669898872218,-0,0,8.661416425825137e-18,0.9999999993039997,3.969023558107555e-12,40.63134624895804,4,25.13274122871834,1,1,1,30,8,1.005349703936216e-15,-4.276982211342028e+27,-4.276982211342028e+27,-4.276982211395214e+27,1.387778776453713e-15,1.554312229506504e-15,1.84299671454443e-15,1.782505819247553e-15,0.9973340126058228,0.5283018867729481,1,1,1,1,1,1,-1.554312229528594e-15,-0,-0,-9.978185158849946,0.5,1.078506214484181e+20,1.078506213733542e+20,191581.1890434649,-16384,1.078506213733542e+20,537763315712,9.983833301e+17,1616669900000000,1000000000000000,6.347937565840741e+37,1000000000000000,1,3.969023558107555e-12,1.228815995990118e+32,-3.431742916056318e+19,1.228815996027905e+32,-3.778690680914946e+21,1.228815996065692e+32,1.228815996027905e+32,-3.778690680914946e+21,1.228815995990118e+32,1.228815996065692e+32,0,-3.431904583046318e+19,-1,118708737764.7097,1,1,1,1
97,1.6166699,0,0,6371984.064720799,0,0,-17.5051025950002,984.0647207992151,-17.5051025950002,engineered_metric,saucer,0,0,0,0,0,80,80,0,0,-0.9999999986079995,-1.000000002784,1,1.236292047899003e-15,0,1.633336600000003,1.633336598860616,0,-0,7.763482301048996e-17,0.9999999993039997,3.552028840265152e-11,41.05022610719473,4,25.13274122871834,1,1,1,30,8,1.005349704296991e-15,-4.276982211351553e+27,-4.276982211351553e+27,-4.27698221183081e+27,1.387778776458996e-15,1.554312229739515e-15,1.842996714823529e-15,1.782505862302915e-15,0.9973340126058168,0.5283018868093575,1,1,1,1,1,1,-1.554312229541111e-15,-0,-0,-9.978181356290303,0.5,1.078506214484181e+20,1.078506213733542e+20,191581.1890434649,0,1.078506213733542e+20,537763315712,9.983666634e+17,1633336600000000,1000000000000000,7.925871616784684e+35,1000000000000000,1,3.552028840265152e-11,-6.144079980141177e+32,-7.372895976131295e+32,1.228815995997969e+32,-7.372895976139147e+32,8.601711972137116e+32,1.228815995997969e+32,-7.372895976139147e+32,-6.144079980141177e+32,8.601711972137116e+32,0,-7.372895976131295e+32,-1,474874516948.109,1,1,1,1
98,1.6333366,0,0,6371983.770196772,0,0,-17.8377096722022,983.7701967721805,-17.8377096722022,engineered_metric,saucer,0,0,0,0,0,80,80,0,0,-0.9999999986079995,-1.000000002784,1,1.236292070044989e-15,16,1.650003300000003,1.650003298849015,0,-0,6.835788247321326e-16,0.9999999993039997,3.580482097474302e-11,41.46910596543141,4,25.13274122871834,1,1,1,30,8,1.005349731761021e-15,-4.276982211436669e+27,-4.276982211436669e+27,-4.276982211842489e+27,1.221245323411165e-15,1.387778771608647e-15,1.958998787217453e-15,1.898512508474849e-15,0.9968025200152514,0.5319148938298418,1,1,1,1,1,1,-1.554312229562398e-15,-0,-0,-19.95637943892159,0.5,1.078506214484181e+20,1.078506213733542e+20,191581.1890434649,0,1.078506213733542e+20,537763315712,9.983499967e+17,1650003300000000,1000000000000000,7.800402033297636e+35,1000000000000000,1,3.580482097474302e-11,-7.372895976163469e+32,-1.228815996022293e+32,0,-7.372895976163469e+32,7.372895976163469e+32,0,-7.372895976163469e+32,-7.372895976163469e+32,7.372895976163469e+32,0,-1.228815996022293e+32,-1,534629123.9942811,1,1,1,1
99,1.6500033,0,0,6371983.470129285,0,0,-18.17031660467812,983.4701292850077,-18.17031660467812,engineered_metric,saucer,0,0,0,0,0,80,80,0,0,-0.999999998607999,-1.000000002784003,1,1.236292042074425e-15,0,1.666670000000003,1.666669998837414,0,-0,1.983464135974941e-16,0.9999999993039995,3.968717348799916e-12,41.88798582366809,4,25.13274122871834,1,1,1,30,8,1.005349706251685e-15,4.276982211312638e+27,4.276982211312638e+27,4.276982211284446e+27,1.221245323378813e-15,1.221245322550348e-15,1.958998763768923e-15,1.958999211902277e-15,0.9968025200153243,0.5000000000506978,0,0,0,0,0,0,1.554312229524422e-15,-0,-0,-19.95637558778164,0.5,1.078506214484181e+20,1.078506213733542e+20,215528.837673898,0,1.078506213733542e+20,537763315712,9.9833333e+17,1666670000000000,1000000000000000,6.348917163218782e+37,1000000000000000,1,3.968717348799916e-12,-7.372895976163024e+32,4.453159311543946e+19,0,-7.372895976163024e+32,7.372895976163024e+32,0,-7.372895976163024e+32,-7.372895976163024e+32,7.372895976163024e+32,0,4.452992644543947e+19,0.9999251494272808,69886277.92176805,1,1,1,1
100,1.66667,0,0,6371983.164518338,0,0,-18.50292351834285,983.1645183376968,-18.50292351834284,engineered_metric,saucer,0,0,0,0,0,80,80,0,0,-0.999999998607999,-1.000000002784003,1,1.236292039094946e-15,0,1.683336700000003,1.683336698825812,0,-0,1.354831641293516e-16,0.9999999993039995,1.513742240880539e-12,42.30686568190477,4,25.13274122871834,1,1,1,30,8,1.005349705004857e-15,4.276982211321308e+27,4.276982211321308e+27,4.276982211319031e+27,1.387778776453218e-15,1.221245323335158e-15,1.842996715194001e-15,1.903487820706471e-15,0.9973340126058508,0.4680851064022316,0,0,0,0,0,0,1.554312229527422e-15,-0,-0,-19.95637481815754,0.5,1.078506214484181e+20,1.078506213733542e+20,215528.837673898,0,1.078506213733542e+20,537763315712,9.983166633e+17,1683336700000000,1000000000000000,4.364114533808012e+38,1000000000000000,1,1.513742240880539e-12,6.144079980075165e+32,1.351697595623819e+33,7.372895976134965e+32,-1.228815996059801e+32,8.601711972194765e+32,7.372895976134965e+32,-1.228815996059801e+32,6.144079980075165e+32,8.601711972194765e+32,0,1.351697595623819e+33,1,549780979927.5665,1,1,1,1
101,1.6833367,0,0,6371982.854126162,0,0,-18.7116342710966,982.8541261618957,-18.7116342710966,engineered_metric,saucer,0,0,0,0,0,80,80,0,0,-0.999999998607999,-1.000000002784003,1,1.236292038035208e-15,16,1.700003400000003,1.700003398814211,0,0,1.105492489714281e-16,0.9999999993039995,8.449734350947986e-13,42.72574554014145,4,25.13274122871834,1,1,1,30,8,1.005349704641015e-15,4.276982211324781e+27,4.276982211324781e+27,4.276982211328573e+27,1.387778776452964e-15,1.221245323563301e-15,1.898507866205842e-15,1.958998901787802e-15,0.9973340126058386,0.4680851063908328,0,0,0,0,0,0,1.554312229528527e-15,-0,-0,-19.9563744637368,0.5,1.078506214484181e+20,1.078506213733542e+20,215528.837673898,0,1.078506213733542e+20,537763315712,9.982999966e+17,1700003400000000,1000000000000000,1.400599248598287e+39,1000000000000000,1,8.449734350947986e-13,6.144079980074567e+32,-5.987986064551811e+19,7.372895976135051e+32,-1.228815996060485e+32,8.601711972195535e+32,7.372895976135051e+32,-1.228815996060485e+32,6.144079980074567e+32,8.601711972195535e+32,0,-5.988156064891811e+19,-1,549764203579.7865,1,1,1,1
102,1.7000034,0,0,6371982.540879107,0,0,-18.87793772519625,982.5408791070804,-18.87793772519625,engineered_metric,saucer,0,0,0,0,0,80,80,0,0,-0.9999999986079988,-1.000000002784002,1,1.92296271386559e-16,32,1.716670100000004,1.71667009880261,0,0,9.641603519044701e-17,0.9999999993039994,5.779655521775557e-13,43.14462539837814,4,25.13274122871834,1,1,1,30,8,1.570092495266522e-16,-1.409261892084372e+16,-1.409261892084372e+16,-8442793189672596,3.885780580006238e-16,2.220446050285836e-16,5.961187114636292e-16,3.23543131074751e-16,0.99946566289237,0.3636363639969069,1,0,1,1,0,0,-2.220446049257379e-16,-0,-0,-9.978187329377606,0.5,1.078506214484181e+20,1.078506213733542e+20,215528.837673898,-16384,1.078506213733542e+20,537763299328,9.982833299e+17,1716670100000000,1000000000000000,2.993615998593696e+39,1000000000000000,1,5.779655521775557e-13,6.144079980074185e+32,-3.819052484010181e+19,7.3728959761351e+32,-1.228815996060915e+32,8.601711972196016e+32,7.3728959761351e+32,-1.228815996060915e+32,6.144079980074185e+32,8.601711972196016e+32,0,-3.81922415102018e+19,-1,478507054378.5833,1,1,1,1
103,1.7166701,0,0,6371982.224860322,0,0,-19.04424117637893,982.2248603217304,-19.04424117637893,engineered_metric,saucer,0,0,0,0,0,80,80,0,0,-0.9999999986079988,-1.000000002784002,1,1.922962703568693e-16,0,1.733336800000004,1.733336798791008,0,0,8.668151981578231e-17,0.9999999993039994,4.532518258207916e-13,43.56350525661482,4,25.13274122871834,1,1,1,30,8,1.570092488547449e-16,-1.275334189923623e+16,-1.275334189923623e+16,-6664684488371792,3.885780580007614e-16,2.220446049304179e-16,3.185629550405103e-16,2.680318970942375e-16,0.9994656628923783,0.363636363999615,1,0,1,1,0,0,-2.220446049253373e-16,-0,-0,-9.978187169086874,0.5,1.078506214484181e+20,1.078506213733542e+20,215528.837673898,16384,1.078506213733542e+20,537763315712,9.982666632e+17,1733336800000000,1000000000000000,4.867667171675624e+39,1000000000000000,1,4.532518258207916e-13,-1.228815996056351e+32,-7.372895976130536e+32,3.200043050888799e+21,-1.228815996088352e+32,1.228815996120352e+32,3.200043050888799e+21,-1.228815996088352e+32,-1.228815996056351e+32,1.228815996120352e+32,0,-7.372895976130536e+32,-1,59349401828.57838,1,1,1,1
104,1.7333368,0,0,6371981.906369426,0,0,-19.13321334412739,981.9063694262877,-19.13321334412739,engineered_metric,saucer,0,0,0,0,0,80,80,0,0,-0.9999999986079988,-1.000000002784002,1,1.922962695053184e-16,0,1.750003500000004,1.750003498779407,0,0,7.902339636591484e-17,0.9999999993039994,3.9535362729916e-13,43.9823851148515,4,25.13274122871834,1,1,1,30,8,1.570092483781069e-16,-1.165805058065249e+16,-1.165805058065249e+16,-5829003043457076,5.551115110762329e-16,2.220446049250303e-16,5.35627815104708e-16,2.680318382255594e-16,0.9999999999999996,0.2857142861688173,1,0,1,1,0,0,-2.220446049250313e-16,-0,-0,-9.978187036526823,0.5,1.078506214484181e+20,1.078506213733542e+20,239476.4863043311,0,1.078506213733542e+20,537763315712,9.982499965e+17,1750003500000000,1000000000000000,6.397768842355841e+39,1000000000000000,1,3.9535362729916e-13,-3.489461385214033e+21,1.228815996021457e+32,1.228815996039516e+32,-1.228815996074411e+32,2.457631992113928e+32,1.228815996039516e+32,-1.228815996074411e+32,-3.489461385214033e+21,2.457631992113928e+32,0,1.228815996021457e+32,1,132706943607.6362,1,1,1,1
105,1.7500035,0,0,6371981.587481891,0,0,-19.13321334314714,981.5874818908051,-19.13321334314714,engineered_metric,saucer,0,0,0,0,0,80,80,0,0,-0.9999999986079988,-1.000000002784002,1,7.231512012110336e-21,0,1.766670200000004,1.766670198767806,0,0,7.233846581224225e-17,0.9999999993039994,3.782672703545559e-13,44.40126497308818,4,25.13274122871834,1,1,1,30,8,1.570092480054738e-16,-1.066843217556814e+16,-1.066843217556814e+16,-5575309278026390,5.551115110759859e-16,3.885780580359635e-16,5.356278149644254e-16,5.961189386923515e-16,0.9999999999999993,0.4117647060559753,1,0,1,1,0,0,-2.220446049247735e-16,-0,-0,2.505624948121646e-11,0.5,1.078506214484181e+20,1.078506213733542e+20,239476.4863043311,0,1.078506213733542e+20,537763315712,9.982333298e+17,1766670200000000,1000000000000000,6.98879769286645e+39,1000000000000000,1,3.782672703545559e-13,-3.50577954768383e+21,-1.631816246979723e+19,1.228815996039599e+32,-1.228815996074656e+32,2.457631992114255e+32,1.228815996039599e+32,-1.228815996074656e+32,-3.50577954768383e+21,2.457631992114255e+32,0,-1.631992913999723e+19,-1,59349402778.88669,1,1,1,1
106,1.7666702,0,0,6371981.268594355,0,0,-19.13321334025144,981.2685943553224,-19.13321334025144,engineered_metric,saucer,0,0,0,0,0,80,80,0,0,-0.9999999986079988,-1.000000002784002,1,6.59288045089015e-21,0,1.783336900000004,1.783336898756204,0,0,6.59500849383726e-17,0.9999999993039994,3.953688316236162e-13,44.82014483132487,4,25.13274122871834,1,1,1,30,8,1.570092476820747e-16,-9726272474112916,-9726272474112916,-5827402143806940,3.885780580008395e-16,5.551115110848479e-16,3.185629546157221e-16,5.911391476848693e-16,0.99946566289237,0.5882352939632588,1,1,1,1,1,1,2.220446049255236e-16,-0,-0,1.211219210702132e-07,0.5,1.078506214484181e+20,1.078506213733542e+20,239476.4863043311,0,1.078506213733542e+20,537763315712,9.982166631e+17,1783336900000000,1000000000000000,6.397276785951226e+39,1000000000000000,1,3.953688316236162e-13,-3.505731952119336e+21,4.759556449370112e+16,1.228815996039599e+32,-1.228815996074656e+32,2.457631992114254e+32,1.228815996039599e+32,-1.228815996074656e+32,-3.505731952119336e+21,2.457631992114254e+32,0,4.581222759370112e+16,0.9277692759593276,118719073565.5256,1,1,1,1
107,1.7833369,0,0,6371980.949636697,0,0,-19.17063186880983,980.9496366968378,-19.17063186880983,engineered_metric,saucer,0,0,0,0,0,80,80,0,0,-0.9999999986079988,-1.000000002784002,1,1.922962667764273e-16,0,1.800003600000004,1.800003598744607,0,0,5.929686963676714e-17,0.9999999993039994,4.532889098650319e-13,45.23902468956155,4,25.13274122871834,1,1,1,30,8,1.570092473765513e-16,-8761789444010642,-8761789444010642,-6693865573149186,3.608224823853077e-16,5.55111511088874e-16,2.828955997872198e-16,5.911391125442097e-16,0.9994656628923698,0.6060606059395951,1,1,1,1,1,1,2.220446049257537e-16,-0,-0,2.536904071921363e-07,0.5,1.078506214484181e+20,1.078506213733542e+20,239476.4863043311,0,1.078506213733542e+20,537763315712,9.981999964e+17,1800003600000000,1000000000000000,4.866870746275211e+39,1000000000000000,1,4.532889098650319e-13,-1.228815996056781e+32,-1.228815996021723e+32,3.243326740721312e+21,-1.228815996089214e+32,1.228815996121647e+32,3.243326740721312e+21,-1.228815996089214e+32,-1.228815996056781e+32,1.228815996121647e+32,0,-1.228815996021723e+32,-1,244752186068.8558,1,1,1,1
108,1.8000036,0,0,6371980.628739665,0,0,-19.33693530951132,980.6287396652624,-19.33693530951132,engineered_metric,saucer,0,0,0,0,0,80,80,0,0,-0.9999999986079988,-1.000000002784002,1,1.922962660680915e-16,0,1.816670300000004,1.816670298733012,-0,0,5.172595129701735e-17,0.9999999993039994,5.780440492914282e-13,45.65790454779823,4,25.13274122871834,1,1,1,30,8,1.570092470655499e-16,-7697695723067004,-7697695723067004,-8596988140615667,3.885780580015571e-16,5.551115109442868e-16,5.961187105090071e-16,5.356279270331094e-16,0.9994656628923808,0.5882352939573977,1,1,1,1,1,1,2.220446049260003e-16,-0,-0,-9.978186501457277,0.5,1.078506214484181e+20,1.078506213733542e+20,239476.4863043311,0,1.078506213733542e+20,537763315712,9.981833297e+17,1816670300000000,1000000000000000,2.992803000827723e+39,1000000000000000,1,5.780440492914282e-13,1.228815995986516e+32,2.457631992043297e+32,1.228815996028614e+32,-4.209801495853484e+21,1.228815996070712e+32,1.228815996028614e+32,-4.209801495853484e+21,1.228815995986516e+32,1.228815996070712e+32,0,2.457631992043297e+32,1,474845748705.3226,1,1,1,1
109,1.8166703,0,0,6371980.305070904,0,0,-19.50323874736114,980.3050709040835,-19.50323874736114,engineered_metric,saucer,0,0,0,0,0,80,80,0,0,-0.9999999986079986,-1.000000002784002,1,1.922962652349939e-16,-16,1.833337000000004,1.833336998721417,-0,0,4.222575594797611e-17,0.9999999993039993,8.451564692806912e-13,46.07678440603491,4,25.13274122871834,1,1,1,30,8,1.005349704033032e-15,-4.276982211347162e+27,-4.276982211347162e+27,-4.276982211353487e+27,1.387778776453711e-15,1.554312229508263e-15,1.842996714622179e-15,1.782505831619706e-15,0.9973340126058232,0.5283018867755898,1,1,1,1,1,1,-1.554312229528593e-15,-0,-0,-9.978186282509823,0.5,1.078506214484181e+20,1.078506213733542e+20,239476.4863043311,16384,1.078506213733542e+20,537763332096,9.98166663e+17,1833337000000000,1000000000000000,1.399992663207121e+39,1000000000000000,1,8.451564692806912e-13,1.228815995986205e+32,-3.111086622587539e+19,1.228815996028675e+32,-4.246978059700112e+21,1.228815996071145e+32,1.228815996028675e+32,-4.246978059700112e+21,1.228815995986205e+32,1.228815996071145e+32,0,-3.111269956287539e+19,-1,118714861177.3109,1,1,1,1
110,1.833337,0,0,6371979.97863651,0,0,-19.67370009158007,979.9786365097389,-19.67370009158007,engineered_metric,saucer,0,0,0,0,0,80,80,0,0,-0.9999999986079986,-1.000000002784002,1,1.236292035425668e-15,-16,1.850003700000004,1.850003698709823,-0,0,2.889583146820795e-17,0.9999999993039993,1.514346727834082e-12,46.4956642642716,4,25.13274122871834,1,1,1,30,8,1.005349703978851e-15,-4.276982211345191e+27,-4.276982211345191e+27,-4.276982211363649e+27,1.387778776453591e-15,1.55431222950352e-15,1.842996714578849e-15,1.782505824752852e-15,0.9973340126058234,0.5283018867776879,1,1,1,1,1,1,-1.55431222952831e-15,-0,-0,-9.978185927920677,0.5,1.078506214484181e+20,1.078506213733542e+20,239476.4863043311,0,1.078506213733542e+20,537763332096,9.981499963e+17,1850003700000000,1000000000000000,4.360631152187142e+38,1000000000000000,1,1.514346727834082e-12,-6.144079980144351e+32,-7.372895976130556e+32,1.228815995995657e+32,-7.372895976140009e+32,8.601711972135667e+32,1.228815995995657e+32,-7.372895976140009e+32,-6.144079980144351e+32,8.601711972135667e+32,0,-7.372895976130556e+32,-1,237417287485.3443,1,1,1,1
111,1.8500037,0,0,6371979.647969116,0,0,-20.00630696718525,979.6479691164568,-20.00630696718525,engineered_metric,saucer,0,0,0,0,0,80,80,0,0,-0.9999999986079986,-1.000000002784002,1,1.236292035519653e-15,0,1.866670400000005,1.866670398698228,-0,0,8.666255298715852e-18,0.9999999993039993,3.971741432629928e-12,46.91454412250827,4,25.13274122871834,1,1,1,30,8,1.005349703935858e-15,-4.276982211342159e+27,-4.276982211342159e+27,-4.276982211401479e+27,1.221245323377287e-15,1.387778776643468e-15,1.958998761620851e-15,1.898507866638188e-15,0.9968025200152544,0.5319148936310812,1,1,1,1,1,1,-1.554312229528402e-15,-0,-0,-19.95637207313483,0.5,1.078506214484181e+20,1.078506213733542e+20,239476.4863043311,0,1.078506213733542e+20,537763332096,9.981333296e+17,1866670400000000,1000000000000000,6.339252713129342e+37,1000000000000000,1,3.971741432629928e-12,-7.372895976166403e+32,-1.228815996022052e+32,0,-7.372895976166403e+32,7.372895976166403e+32,0,-7.372895976166403e+32,-7.372895976166403e+32,7.372895976166403e+32,0,-1.228815996022052e+32,-1,4144779.040232762,1,1,1,1
112,1.8666704,0,0,6371979.311758263,0,0,-20.33891386295452,979.3117582630366,-20.33891386295452,engineered_metric,saucer,0,0,0,0,0,80,80,0,0,-0.9999999986079982,-1.000000002784004,1,1.236292048045954e-15,-16,1.883337100000005,1.883337098686633,0,-0,7.861293124108083e-17,0.9999999993039991,3.596375011965614e-11,47.33342398074496,4,25.13274122871834,1,1,1,30,8,1.00534970427208e-15,4.276982211328677e+27,4.276982211328677e+27,4.276982210785006e+27,1.387778776448666e-15,1.221245323155029e-15,1.842996714750693e-15,1.903487681164762e-15,0.9973340126065242,0.4680851064477317,0,0,0,0,0,0,1.554312229516623e-15,-0,-0,-19.95636820267561,0.5,1.078506214484181e+20,1.078506213733542e+20,263424.1349347642,-16384,1.078506213733542e+20,537763315712,9.981166629e+17,1883337100000000,1000000000000000,7.731612099703754e+35,1000000000000000,1,3.596375011965614e-11,-7.372895976168319e+32,-1.915290849528125e+20,0,-7.372895976168319e+32,7.372895976168319e+32,0,-7.372895976168319e+32,-7.372895976168319e+32,7.372895976168319e+32,0,-1.915309682899125e+20,-1,8436637.805117503,1,1,1,1
113,1.8833371,0,0,6371978.970031668,0,0,-20.64408058961934,978.9700316684321,-20.64408058961934,engineered_metric,saucer,0,0,0,0,0,80,80,0,0,-0.9999999986079982,-1.000000002784004,1,1.236292066836041e-15,0,1.900003800000005,1.900003798675038,0,-0,6.684782336306522e-16,0.9999999993039991,3.501276828775724e-11,47.75230383898164,4,25.13274122871834,1,1,1,30,8,1.005349728604377e-15,4.276982211236356e+27,4.276982211236356e+27,4.276982210793953e+27,1.387778776438664e-15,1.221245322759644e-15,1.842996730113975e-15,1.903492728405772e-15,0.9973340126065184,0.4680851063703247,0,0,0,0,0,0,1.554312229492881e-15,-0,-0,-19.95637931518902,0.5,1.078506214484181e+20,1.078506213733542e+20,263424.1349347642,0,1.078506213733542e+20,537763315712,9.980999962e+17,1900003800000000,1000000000000000,8.157312511165153e+35,1000000000000000,1,3.501276828775724e-11,6.144079980070745e+32,1.351697595623906e+33,7.372895976135586e+32,-1.228815996064841e+32,8.601711972200426e+32,7.372895976135586e+32,-1.228815996064841e+32,6.144079980070745e+32,8.601711972200426e+32,0,1.351697595623906e+33,1,549554685343.0469,1,1,1,1
114,1.9000038,0,0,6371978.624577101,0,0,-20.81038407422984,978.62457710132,-20.81038407422984,engineered_metric,saucer,0,0,0,0,0,80,80,0,0,-0.9999999986079982,-1.000000002784004,1,1.922962865532979e-16,0,1.916670500000005,1.916670498663444,0,-0,1.983388877127741e-16,0.9999999993039991,3.968507376972451e-12,48.17118369721832,4,25.13274122871834,1,1,1,30,8,1.005349706090429e-15,4.276982211309674e+27,4.276982211309674e+27,4.276982211278529e+27,1.3877787764485e-15,1.22124532416527e-15,1.89850786713742e-15,1.958999212782504e-15,0.997334012605902,0.4680851063548916,0,0,0,0,0,0,1.554312229523596e-15,-0,-0,-9.978188672261743,0.5,1.078506214484181e+20,1.078506213733542e+20,263424.1349347642,0,1.078506213733542e+20,537763315712,9.980833295e+17,1916670500000000,1000000000000000,6.349589017333808e+37,1000000000000000,1,3.968507376972451e-12,6.144079980070557e+32,-1.873497444986126e+19,7.372895976135607e+32,-1.22881599606505e+32,8.601711972200658e+32,7.372895976135607e+32,-1.22881599606505e+32,6.144079980070557e+32,8.601711972200658e+32,0,-1.873689112036126e+19,-1,74183542.37197948,1,1,1,1
115,1.9166705,0,0,6371978.276350805,0,0,-20.97668754003256,978.2763508046046,-20.97668754003256,engineered_metric,saucer,0,0,0,0,0,80,80,0,0,-0.9999999986079979,-1.000000002784004,1,1.922962765797008e-16,0,1.933337200000005,1.933337198651849,0,-0,1.354974635573136e-16,0.999999999303999,1.5138905551766e-12,48.590063555455,4,25.13274122871834,1,1,1,30,8,1.570092525170721e-16,-2.140870456647438e+16,-2.140870456647438e+16,-2.390518652134555e+16,3.885780580017919e-16,2.220446049706325e-16,3.185629565744172e-16,2.680324001185414e-16,0.9994656628924006,0.3636363640094134,1,0,1,1,0,0,-2.220446049277859e-16,-0,-0,-9.978187902804059,0.5,1.078506214484181e+20,1.078506213733542e+20,263424.1349347642,0,1.078506213733542e+20,537763315712,9.980666628e+17,1933337200000000,1000000000000000,4.363259480096138e+38,1000000000000000,1,1.5138905551766e-12,6.144079980070305e+32,-2.522015791327478e+19,7.372895976135643e+32,-1.228815996065337e+32,8.601711972200981e+32,7.372895976135643e+32,-1.228815996065337e+32,6.144079980070305e+32,8.601711972200981e+32,0,-2.522209125047478e+19,-1,118665258982.2347,1,1,1,1
116,1.9333372,0,0,6371977.925400177,0,0,-21.11222458953203,977.9254001770169,-21.11222458953203,engineered_metric,saucer,0,0,0,0,0,80,80,0,0,-0.9999999986079979,-1.000000002784004,1,1.922962729264601e-16,0,1.950003900000005,1.950003898640254,0,0,1.105549635747866e-16,0.999999999303999,8.450145441442979e-13,49.00894341369169,4,25.13274122871834,1,1,1,30,8,1.570092503492274e-16,-1.754336295663176e+16,-1.754336295663176e+16,-1.340092966290405e+16,3.885780580012558e-16,2.220446049494434e-16,3.185629556870674e-16,2.680321154537579e-16,0.9994656628923868,0.3636363639963474,1,0,1,1,0,0,-2.220446049265132e-16,-0,-0,-9.978187548311146,0.5,1.078506214484181e+20,1.078506213733542e+20,287371.7835651973,0,1.078506213733542e+20,537763315712,9.980499961e+17,1950003900000000,1000000000000000,1.400462976616458e+39,1000000000000000,1,8.450145441442979e-13,1.228815995983234e+32,-4.915263984087071e+32,1.228815996041327e+32,-5.809255488356446e+21,1.22881599609942e+32,1.228815996041327e+32,-5.809255488356446e+21,1.228815995983234e+32,1.22881599609942e+32,0,-4.915263984087071e+32,-1,16788277.01195363,1,1,1,1
117,1.9500039,0,0,6371977.573529072,0,0,-21.11222459576799,977.5735290721059,-21.11222459576799,engineered_metric,saucer,0,0,0,0,0,80,80,0,0,-0.9999999986079979,-1.000000002784004,1,1.063829531441215e-20,0,1.966670600000005,1.96667059862866,0,0,9.641937879546935e-17,0.999999999303999,5.77985714417852e-13,49.42782327192837,4,25.13274122871834,1,1,1,30,8,1.570092493240692e-16,-1.528923798845544e+16,-1.528923798845544e+16,-9159590433684556,5.551115110769552e-16,3.885780579024102e-16,5.356278154933287e-16,5.961191159885455e-16,0.9999999999999996,0.4117647060408125,1,0,1,1,0,0,-2.220446049258253e-16,0,0,-4.139329902292466e-07,0.5,1.078506214484181e+20,1.078506213733542e+20,287371.7835651973,0,1.078506213733542e+20,537763315712,9.980333294e+17,1966670600000000,1000000000000000,2.993407145845749e+39,1000000000000000,1,5.77985714417852e-13,-3.869356077259435e+21,-1.228815996021928e+32,1.22881599604145e+32,-1.228815996080143e+32,2.457631992121593e+32,1.22881599604145e+32,-1.228815996080143e+32,-3.869356077259435e+21,2.457631992121593e+32,0,-1.228815996021928e+32,-1,59374568002.29329,1,1,1,1
118,1.9666706,0,0,6371977.221657967,0,0,-21.11222459908685,977.2216579671949,-21.11222459908685,engineered_metric,saucer,0,0,0,0,0,80,80,0,0,-0.9999999986079979,-1.000000002784004,1,9.564078118066226e-21,0,1.983337300000005,1.983337298617065,0,0,8.66832969356251e-17,0.999999999303999,4.532623490045192e-13,49.84670313016505,4,25.13274122871834,1,1,1,30,8,1.570092487026327e-16,-1.3745385764124e+16,-1.3745385764124e+16,-7183065796429044,3.885780580004881e-16,5.551115110706273e-16,3.185629550929707e-16,5.911392811235042e-16,0.9994656628923698,0.5882352939614379,1,1,1,1,1,1,2.220446049246906e-16,0,0,-2.53632492448718e-07,0.5,1.078506214484181e+20,1.078506213733542e+20,287371.7835651973,0,1.078506213733542e+20,537763315712,9.980166627e+17,1983337300000000,1000000000000000,4.867441153514309e+39,1000000000000000,1,4.532623490045192e-13,-3.869002886380725e+21,3.531908787098092e+17,1.228815996041448e+32,-1.228815996080138e+32,2.457631992121586e+32,1.228815996041448e+32,-1.228815996080138e+32,-3.869002886380725e+21,2.457631992121586e+32,0,3.512075414098092e+17,0.9888317495437494,34764983.76979879,1,1,1,1
119,1.9833373,0,0,6371976.869703706,0,0,-21.15296919586752,976.8697037063539,-21.15296919586752,engineered_metric,saucer,0,0,0,0,0,80,80,0,0,-0.9999999986079979,-1.000000002784004,1,1.922962690303469e-16,0,2.000004000000005,2.00000399860547,0,0,7.902481371973811e-17,0.999999999303999,3.953627066187653e-13,50.26558298840173,4,25.13274122871834,1,1,1,30,8,1.57009248260774e-16,-1.255440806720368e+16,-1.255440806720368e+16,-6277218888220890,3.608224823850026e-16,5.551115110762331e-16,2.828956001996768e-16,5.91139227607727e-16,0.99946566289237,0.606060605937894,1,1,1,1,1,1,2.220446049250314e-16,0,0,-1.21068774303529e-07,0.5,1.078506214484181e+20,1.078506213733542e+20,287371.7835651973,0,1.078506213733542e+20,537763315712,9.97999996e+17,2000004000000000,1000000000000000,6.397475002192705e+39,1000000000000000,1,3.953627066187653e-13,-1.22881599606041e+32,-1.22881599602172e+32,3.57876037865815e+21,-1.228815996096198e+32,1.228815996131985e+32,3.57876037865815e+21,-1.228815996096198e+32,-1.22881599606041e+32,1.228815996131985e+32,0,-1.22881599602172e+32,-1,132718595947.5766,1,1,1,1
